{"gcolors":0,"facsTable":[{"color":"#FF0000","filename":"Array1_Index_sort.csv","filename_base":"Array1_Index_sort","filename_core":"Array1_Index_sort","path":"/var/www/html/SCexV//tmp/58609c003b2ef977e8456b17620387af9e260d4e/preprocess/..","total":"/var/www/html/SCexV//tmp/58609c003b2ef977e8456b17620387af9e260d4e/preprocess/../Array1_Index_sort.csv","filename_ext":"csv"},{"color":"#00FF00","filename":"Index_sort_Array2.csv","filename_base":"Index_sort_Array2","filename_core":"Index_sort_Array2","path":"/var/www/html/SCexV//tmp/58609c003b2ef977e8456b17620387af9e260d4e/preprocess/..","total":"/var/www/html/SCexV//tmp/58609c003b2ef977e8456b17620387af9e260d4e/preprocess/../Index_sort_Array2.csv","filename_ext":"csv"},{"color":"#0000FF","filename":"Index_sort_Array3.csv","filename_base":"Index_sort_Array3","filename_core":"Index_sort_Array3","path":"/var/www/html/SCexV//tmp/58609c003b2ef977e8456b17620387af9e260d4e/preprocess/..","total":"/var/www/html/SCexV//tmp/58609c003b2ef977e8456b17620387af9e260d4e/preprocess/../Index_sort_Array3.csv","filename_ext":"csv"}],"path":"/var/www/html/SCexV//tmp/58609c003b2ef977e8456b17620387af9e260d4e/","groupbyplate":0,"PCRTable":[{"color":"#FF0000","filename":"PCR_Array1.csv","filename_base":"PCR_Array1","filename_core":"PCR_Array1","path":"/var/www/html/SCexV//tmp/58609c003b2ef977e8456b17620387af9e260d4e/preprocess/..","total":"/var/www/html/SCexV//tmp/58609c003b2ef977e8456b17620387af9e260d4e/preprocess/../PCR_Array1.csv","filename_ext":"csv"},{"color":"#00FF00","filename":"PCR_Array2.csv","filename_base":"PCR_Array2","filename_core":"PCR_Array2","path":"/var/www/html/SCexV//tmp/58609c003b2ef977e8456b17620387af9e260d4e/preprocess/..","total":"/var/www/html/SCexV//tmp/58609c003b2ef977e8456b17620387af9e260d4e/preprocess/../PCR_Array2.csv","filename_ext":"csv"},{"color":"#0000FF","filename":"PCR_Array3.csv","filename_base":"PCR_Array3","filename_core":"PCR_Array3","path":"/var/www/html/SCexV//tmp/58609c003b2ef977e8456b17620387af9e260d4e/preprocess/..","total":"/var/www/html/SCexV//tmp/58609c003b2ef977e8456b17620387af9e260d4e/preprocess/../PCR_Array3.csv","filename_ext":"csv"}],"__updated":1458549549,"PCRTable2":[],"first_run":1,"__created":1458549319,"known":1}