Experiment Name,141020 Index sort for fluidigm 96X96
Specimen Name,Specimen_001
Tube Name,INX_141020 Plate #1_001
Record Date,Oct 20, 2014 8:58:42 PM
$OP, 
GUID,27a106a9-eba3-4309-863a-5066a2c91b35 
Date Analyzed,10/28/2014 14:14

Sort Type,Index Sort
Sort Setup,85 micron
Precision ,Single Cell
Device,96 Well - Falcon
Yield Mask,0
Purity Mask,32
Phase Mask,16
Well,P5 #Events,P5 %Parent,P5 FSC-A Min,P5 FSC-A Max,P5 FSC-A Geo Mean,P5 FSC-A Mean,P5 FSC-A Median,P5 FSC-A SD,P5 FSC-A rSD,P5 FSC-A %CV,P5 FSC-A %rCV,P5 FSC-A Mode,P5 FSC-W Min,P5 FSC-W Max,P5 FSC-W Geo Mean,P5 FSC-W Mean,P5 FSC-W Median,P5 FSC-W SD,P5 FSC-W rSD,P5 FSC-W %CV,P5 FSC-W %rCV,P5 FSC-W Mode,P5 FSC-H Min,P5 FSC-H Max,P5 FSC-H Geo Mean,P5 FSC-H Mean,P5 FSC-H Median,P5 FSC-H SD,P5 FSC-H rSD,P5 FSC-H %CV,P5 FSC-H %rCV,P5 FSC-H Mode,P5 SSC-A Min,P5 SSC-A Max,P5 SSC-A Geo Mean,P5 SSC-A Mean,P5 SSC-A Median,P5 SSC-A SD,P5 SSC-A rSD,P5 SSC-A %CV,P5 SSC-A %rCV,P5 SSC-A Mode,P5 CD41 Alexa Fluor 488-A Min,P5 CD41 Alexa Fluor 488-A Max,P5 CD41 Alexa Fluor 488-A Geo Mean,P5 CD41 Alexa Fluor 488-A Mean,P5 CD41 Alexa Fluor 488-A Median,P5 CD41 Alexa Fluor 488-A SD,P5 CD41 Alexa Fluor 488-A rSD,P5 CD41 Alexa Fluor 488-A %CV,P5 CD41 Alexa Fluor 488-A %rCV,P5 CD41 Alexa Fluor 488-A Mode,P5 CD55 PE-A Min,P5 CD55 PE-A Max,P5 CD55 PE-A Geo Mean,P5 CD55 PE-A Mean,P5 CD55 PE-A Median,P5 CD55 PE-A SD,P5 CD55 PE-A rSD,P5 CD55 PE-A %CV,P5 CD55 PE-A %rCV,P5 CD55 PE-A Mode,P5 CD45-2 PE-Texas Red-A Min,P5 CD45-2 PE-Texas Red-A Max,P5 CD45-2 PE-Texas Red-A Geo Mean,P5 CD45-2 PE-Texas Red-A Mean,P5 CD45-2 PE-Texas Red-A Median,P5 CD45-2 PE-Texas Red-A SD,P5 CD45-2 PE-Texas Red-A rSD,P5 CD45-2 PE-Texas Red-A %CV,P5 CD45-2 PE-Texas Red-A %rCV,P5 CD45-2 PE-Texas Red-A Mode,P5 Lineage PE-Cy5-A Min,P5 Lineage PE-Cy5-A Max,P5 Lineage PE-Cy5-A Geo Mean,P5 Lineage PE-Cy5-A Mean,P5 Lineage PE-Cy5-A Median,P5 Lineage PE-Cy5-A SD,P5 Lineage PE-Cy5-A rSD,P5 Lineage PE-Cy5-A %CV,P5 Lineage PE-Cy5-A %rCV,P5 Lineage PE-Cy5-A Mode,P5 PI PerCP-Cy5-5-A Min,P5 PI PerCP-Cy5-5-A Max,P5 PI PerCP-Cy5-5-A Geo Mean,P5 PI PerCP-Cy5-5-A Mean,P5 PI PerCP-Cy5-5-A Median,P5 PI PerCP-Cy5-5-A SD,P5 PI PerCP-Cy5-5-A rSD,P5 PI PerCP-Cy5-5-A %CV,P5 PI PerCP-Cy5-5-A %rCV,P5 PI PerCP-Cy5-5-A Mode,P5 CD105 PE-Cy7-A Min,P5 CD105 PE-Cy7-A Max,P5 CD105 PE-Cy7-A Geo Mean,P5 CD105 PE-Cy7-A Mean,P5 CD105 PE-Cy7-A Median,P5 CD105 PE-Cy7-A SD,P5 CD105 PE-Cy7-A rSD,P5 CD105 PE-Cy7-A %CV,P5 CD105 PE-Cy7-A %rCV,P5 CD105 PE-Cy7-A Mode,P5 CD150 APC-A Min,P5 CD150 APC-A Max,P5 CD150 APC-A Geo Mean,P5 CD150 APC-A Mean,P5 CD150 APC-A Median,P5 CD150 APC-A SD,P5 CD150 APC-A rSD,P5 CD150 APC-A %CV,P5 CD150 APC-A %rCV,P5 CD150 APC-A Mode,P5 FcgR Alexa Fluor 700-A Min,P5 FcgR Alexa Fluor 700-A Max,P5 FcgR Alexa Fluor 700-A Geo Mean,P5 FcgR Alexa Fluor 700-A Mean,P5 FcgR Alexa Fluor 700-A Median,P5 FcgR Alexa Fluor 700-A SD,P5 FcgR Alexa Fluor 700-A rSD,P5 FcgR Alexa Fluor 700-A %CV,P5 FcgR Alexa Fluor 700-A %rCV,P5 FcgR Alexa Fluor 700-A Mode,P5 cKit APC-Cy7-A Min,P5 cKit APC-Cy7-A Max,P5 cKit APC-Cy7-A Geo Mean,P5 cKit APC-Cy7-A Mean,P5 cKit APC-Cy7-A Median,P5 cKit APC-Cy7-A SD,P5 cKit APC-Cy7-A rSD,P5 cKit APC-Cy7-A %CV,P5 cKit APC-Cy7-A %rCV,P5 cKit APC-Cy7-A Mode,P5 Sca1 DAPI-A Min,P5 Sca1 DAPI-A Max,P5 Sca1 DAPI-A Geo Mean,P5 Sca1 DAPI-A Mean,P5 Sca1 DAPI-A Median,P5 Sca1 DAPI-A SD,P5 Sca1 DAPI-A rSD,P5 Sca1 DAPI-A %CV,P5 Sca1 DAPI-A %rCV,P5 Sca1 DAPI-A Mode,P5 CD115 BV605 Qdot 605-A Min,P5 CD115 BV605 Qdot 605-A Max,P5 CD115 BV605 Qdot 605-A Geo Mean,P5 CD115 BV605 Qdot 605-A Mean,P5 CD115 BV605 Qdot 605-A Median,P5 CD115 BV605 Qdot 605-A SD,P5 CD115 BV605 Qdot 605-A rSD,P5 CD115 BV605 Qdot 605-A %CV,P5 CD115 BV605 Qdot 605-A %rCV,P5 CD115 BV605 Qdot 605-A Mode,P5 Time Min,P5 Time Max,P5 Time Geo Mean,P5 Time Mean,P5 Time Median,P5 Time SD,P5 Time rSD,P5 Time %CV,P5 Time %rCV,P5 Time Mode
A1,1,100.0,170184,170184,170184,170184,170184,,0,,0.0,169984,94819,94819,94819,94819,94819,,0,,0.0,94720,117626,117626,117626,117626,117626,,0,,0.0,117504,97650,97650,97650,97650,97650,,0,,0.0,97536,80,80,80,80,80,,0,,0.0,79,26,26,26,26,26,,0,,0.0,25,1166,1166,1166,1166,1166,,0,,0.0,1152,6009,6009,6009,6009,6009,,0,,0.0,5978,-397,-397,,-397,-397,,0,,0.0,1,-232,-232,,-232,-232,,0,,0.0,1,-53,-53,,-53,-53,,0,,0.0,1,466,466,466,466,466,,0,,0.0,462,359,359,359,359,359,,0,,0.0,357,172,172,172,172,172,,0,,0.0,170,2125,2125,2125,2125,2125,,0,,0.0,2120,4151,4151,4151,4151,4151,,0,,0.0,4096
A2,1,100.0,232885,232885,232885,232885,232885,,0,,0.0,232704,102261,102261,102261,102261,102261,,0,,0.0,102144,149249,149249,149249,149249,149249,,0,,0.0,149248,147115,147115,147115,147115,147115,,0,,0.0,146944,148,148,148,148,148,,0,,0.0,147,92,92,92,92,92,,0,,0.0,91,1114,1114,1114,1114,1114,,0,,0.0,1111,2172,2172,2172,2172,2172,,0,,0.0,2146,-38,-38,,-38,-38,,0,,0.0,1,149,149,149,149,149,,0,,0.0,148,-32,-32,,-32,-32,,0,,0.0,1,594,594,594,594,594,,0,,0.0,589,575,575,575,575,575,,0,,0.0,575,37,37,37,37,37,,0,,0.0,37,62784,62784,62784,62784,62784,,0,,0.0,62162,4391,4391,4391,4391,4391,,0,,0.0,4352
A3,1,100.0,234753,234753,234753,234753,234753,,0,,0.0,234752,98392,98392,98392,98392,98392,,0,,0.0,98304,156362,156362,156362,156362,156362,,0,,0.0,156160,109002,109002,109002,109002,109002,,0,,0.0,108800,79,79,79,79,79,,0,,0.0,79,5542,5542,5542,5542,5542,,0,,0.0,5489,416,416,416,416,416,,0,,0.0,414,1615,1615,1615,1615,1615,,0,,0.0,1601,-402,-402,,-402,-402,,0,,0.0,1,4706,4706,4706,4706,4706,,0,,0.0,4684,-154,-154,,-154,-154,,0,,0.0,1,-32,-32,,-32,-32,,0,,0.0,1,1411,1411,1411,1411,1411,,0,,0.0,1400,123,123,123,123,123,,0,,0.0,122,709,709,709,709,709,,0,,0.0,707,4589,4589,4589,4589,4589,,0,,0.0,4352
A4,1,100.0,190384,190384,190384,190384,190384,,0,,0.0,190208,94801,94801,94801,94801,94801,,0,,0.0,94720,131613,131613,131613,131613,131613,,0,,0.0,131584,107557,107557,107557,107557,107557,,0,,0.0,107520,9,9,9,9,9,,0,,0.0,8,2590,2590,2590,2590,2590,,0,,0.0,2577,548,548,548,548,548,,0,,0.0,541,603,603,603,603,603,,0,,0.0,596,-250,-250,,-250,-250,,0,,0.0,1,3165,3165,3165,3165,3165,,0,,0.0,3132,162,162,162,162,162,,0,,0.0,160,-28,-28,,-28,-28,,0,,0.0,1,1410,1410,1410,1410,1410,,0,,0.0,1400,66,66,66,66,66,,0,,0.0,66,-783,-783,,-783,-783,,0,,0.0,1,4781,4781,4781,4781,4781,,0,,0.0,4608
A5,1,100.0,143491,143491,143491,143491,143491,,0,,0.0,143360,87692,87692,87692,87692,87692,,0,,0.0,87552,107237,107237,107237,107237,107237,,0,,0.0,107008,44744,44744,44744,44744,44744,,0,,0.0,44544,134,134,134,134,134,,0,,0.0,133,9,9,9,9,9,,0,,0.0,8,768,768,768,768,768,,0,,0.0,761,1121,1121,1121,1121,1121,,0,,0.0,1111,-296,-296,,-296,-296,,0,,0.0,1,-1,-1,,-1,-1,,0,,0.0,1,166,166,166,166,166,,0,,0.0,164,34,34,34,34,34,,0,,0.0,33,913,913,913,913,913,,0,,0.0,903,88,88,88,88,88,,0,,0.0,87,522,522,522,522,522,,0,,0.0,515,4973,4973,4973,4973,4973,,0,,0.0,4864
A6,1,100.0,184039,184039,184039,184039,184039,,0,,0.0,183808,93062,93062,93062,93062,93062,,0,,0.0,92928,129604,129604,129604,129604,129604,,0,,0.0,129536,57098,57098,57098,57098,57098,,0,,0.0,57088,39,39,39,39,39,,0,,0.0,38,-15,-15,,-15,-15,,0,,0.0,1,560,560,560,560,560,,0,,0.0,554,1371,1371,1371,1371,1371,,0,,0.0,1367,146,146,146,146,146,,0,,0.0,145,89,89,89,89,89,,0,,0.0,89,-31,-31,,-31,-31,,0,,0.0,1,731,731,731,731,731,,0,,0.0,725,343,343,343,343,343,,0,,0.0,340,26,26,26,26,26,,0,,0.0,25,46632,46632,46632,46632,46632,,0,,0.0,46388,5170,5170,5170,5170,5170,,0,,0.0,5120
A7,1,100.0,165321,165321,165321,165321,165321,,0,,0.0,165120,91249,91249,91249,91249,91249,,0,,0.0,91136,118736,118736,118736,118736,118736,,0,,0.0,118528,61592,61592,61592,61592,61592,,0,,0.0,61440,87,87,87,87,87,,0,,0.0,87,1068,1068,1068,1068,1068,,0,,0.0,1058,1426,1426,1426,1426,1426,,0,,0.0,1418,2168,2168,2168,2168,2168,,0,,0.0,2146,-274,-274,,-274,-274,,0,,0.0,1,243,243,243,243,243,,0,,0.0,242,1074,1074,1074,1074,1074,,0,,0.0,1071,161,161,161,161,161,,0,,0.0,160,1032,1032,1032,1032,1032,,0,,0.0,1020,185,185,185,185,185,,0,,0.0,185,521,521,521,521,521,,0,,0.0,515,5365,5365,5365,5365,5365,,0,,0.0,5120
A8,1,100.0,163187,163187,163187,163187,163187,,0,,0.0,163072,92764,92764,92764,92764,92764,,0,,0.0,92672,115288,115288,115288,115288,115288,,0,,0.0,115200,69212,69212,69212,69212,69212,,0,,0.0,69120,57,57,57,57,57,,0,,0.0,56,2817,2817,2817,2817,2817,,0,,0.0,2806,339,339,339,339,339,,0,,0.0,336,3033,3033,3033,3033,3033,,0,,0.0,3020,-506,-506,,-506,-506,,0,,0.0,1,4514,4514,4514,4514,4514,,0,,0.0,4461,111,111,111,111,111,,0,,0.0,111,-122,-122,,-122,-122,,0,,0.0,1,507,507,507,507,507,,0,,0.0,503,-23,-23,,-23,-23,,0,,0.0,1,-1082,-1082,,-1082,-1082,,0,,0.0,1,5560,5560,5560,5560,5560,,0,,0.0,5376
A9,1,100.0,201823,201823,201823,201823,201823,,0,,0.0,201728,102567,102567,102567,102567,102567,,0,,0.0,102400,128956,128956,128956,128956,128956,,0,,0.0,128768,54090,54090,54090,54090,54090,,0,,0.0,54016,25,25,25,25,25,,0,,0.0,25,1168,1168,1168,1168,1168,,0,,0.0,1166,1266,1266,1266,1266,1266,,0,,0.0,1255,1782,1782,1782,1782,1782,,0,,0.0,1766,-140,-140,,-140,-140,,0,,0.0,1,1971,1971,1971,1971,1971,,0,,0.0,1970,81,81,81,81,81,,0,,0.0,81,67,67,67,67,67,,0,,0.0,66,1110,1110,1110,1110,1110,,0,,0.0,1097,-14,-14,,-14,-14,,0,,0.0,1,591,591,591,591,591,,0,,0.0,589,5757,5757,5757,5757,5757,,0,,0.0,5632
A10,1,100.0,188665,188665,188665,188665,188665,,0,,0.0,188416,93875,93875,93875,93875,93875,,0,,0.0,93696,131710,131710,131710,131710,131710,,0,,0.0,131584,103816,103816,103816,103816,103816,,0,,0.0,103680,153,153,153,153,153,,0,,0.0,150,58,58,58,58,58,,0,,0.0,57,485,485,485,485,485,,0,,0.0,479,3818,3818,3818,3818,3818,,0,,0.0,3807,-50,-50,,-50,-50,,0,,0.0,1,66,66,66,66,66,,0,,0.0,66,-132,-132,,-132,-132,,0,,0.0,1,295,295,295,295,295,,0,,0.0,294,982,982,982,982,982,,0,,0.0,971,131,131,131,131,131,,0,,0.0,130,18764,18764,18764,18764,18764,,0,,0.0,18585,5948,5948,5948,5948,5948,,0,,0.0,5888
A11,1,100.0,193612,193612,193612,193612,193612,,0,,0.0,193536,98202,98202,98202,98202,98202,,0,,0.0,98048,129209,129209,129209,129209,129209,,0,,0.0,129024,126520,126520,126520,126520,126520,,0,,0.0,126464,139,139,139,139,139,,0,,0.0,138,33,33,33,33,33,,0,,0.0,32,1383,1383,1383,1383,1383,,0,,0.0,1367,5505,5505,5505,5505,5505,,0,,0.0,5489,-54,-54,,-54,-54,,0,,0.0,1,53,53,53,53,53,,0,,0.0,53,-90,-90,,-90,-90,,0,,0.0,1,238,238,238,238,238,,0,,0.0,236,552,552,552,552,552,,0,,0.0,548,84,84,84,84,84,,0,,0.0,84,5693,5693,5693,5693,5693,,0,,0.0,5624,6140,6140,6140,6140,6140,,0,,0.0,5888
A12,1,100.0,232311,232311,232311,232311,232311,,0,,0.0,232192,97033,97033,97033,97033,97033,,0,,0.0,97024,156902,156902,156902,156902,156902,,0,,0.0,156672,123716,123716,123716,123716,123716,,0,,0.0,123648,74,74,74,74,74,,0,,0.0,72,-48,-48,,-48,-48,,0,,0.0,1,770,770,770,770,770,,0,,0.0,761,4083,4083,4083,4083,4083,,0,,0.0,4046,-54,-54,,-54,-54,,0,,0.0,1,-69,-69,,-69,-69,,0,,0.0,1,-179,-179,,-179,-179,,0,,0.0,1,767,767,767,767,767,,0,,0.0,761,430,430,430,430,430,,0,,0.0,429,99,99,99,99,99,,0,,0.0,97,46224,46224,46224,46224,46224,,0,,0.0,45826,6337,6337,6337,6337,6337,,0,,0.0,6144
B1,1,100.0,179483,179483,179483,179483,179483,,0,,0.0,179456,94256,94256,94256,94256,94256,,0,,0.0,94208,124794,124794,124794,124794,124794,,0,,0.0,124672,74230,74230,74230,74230,74230,,0,,0.0,73984,62,62,62,62,62,,0,,0.0,61,3733,3733,3733,3733,3733,,0,,0.0,3715,1183,1183,1183,1183,1183,,0,,0.0,1181,1721,1721,1721,1721,1721,,0,,0.0,1702,217,217,217,217,217,,0,,0.0,214,2149,2149,2149,2149,2149,,0,,0.0,2146,679,679,679,679,679,,0,,0.0,674,103,103,103,103,103,,0,,0.0,103,1738,1738,1738,1738,1738,,0,,0.0,1723,171,171,171,171,171,,0,,0.0,170,-60,-60,,-60,-60,,0,,0.0,1,8762,8762,8762,8762,8762,,0,,0.0,8704
B2,1,100.0,155594,155594,155594,155594,155594,,0,,0.0,155392,94610,94610,94610,94610,94610,,0,,0.0,94464,107779,107779,107779,107779,107779,,0,,0.0,107776,120207,120207,120207,120207,120207,,0,,0.0,120064,41,41,41,41,41,,0,,0.0,40,-17,-17,,-17,-17,,0,,0.0,1,709,709,709,709,709,,0,,0.0,707,3090,3090,3090,3090,3090,,0,,0.0,3057,-270,-270,,-270,-270,,0,,0.0,1,314,314,314,314,314,,0,,0.0,312,-72,-72,,-72,-72,,0,,0.0,1,608,608,608,608,608,,0,,0.0,604,686,686,686,686,686,,0,,0.0,682,105,105,105,105,105,,0,,0.0,104,53147,53147,53147,53147,53147,,0,,0.0,53048,8566,8566,8566,8566,8566,,0,,0.0,8448
B3,1,100.0,157049,157049,157049,157049,157049,,0,,0.0,156928,94799,94799,94799,94799,94799,,0,,0.0,94720,108570,108570,108570,108570,108570,,0,,0.0,108544,143291,143291,143291,143291,143291,,0,,0.0,143104,83,83,83,83,83,,0,,0.0,82,21,21,21,21,21,,0,,0.0,20,1277,1277,1277,1277,1277,,0,,0.0,1270,7286,7286,7286,7286,7286,,0,,0.0,7266,51,51,51,51,51,,0,,0.0,51,195,195,195,195,195,,0,,0.0,192,-223,-223,,-223,-223,,0,,0.0,1,318,318,318,318,318,,0,,0.0,316,335,335,335,335,335,,0,,0.0,332,157,157,157,157,157,,0,,0.0,156,1314,1314,1314,1314,1314,,0,,0.0,1302,8349,8349,8349,8349,8349,,0,,0.0,8192
B4,1,100.0,148924,148924,148924,148924,148924,,0,,0.0,148736,92339,92339,92339,92339,92339,,0,,0.0,92160,105696,105696,105696,105696,105696,,0,,0.0,105472,60292,60292,60292,60292,60292,,0,,0.0,60160,109,109,109,109,109,,0,,0.0,108,1956,1956,1956,1956,1956,,0,,0.0,1947,76,76,76,76,76,,0,,0.0,76,2422,2422,2422,2422,2422,,0,,0.0,2395,333,333,333,333,333,,0,,0.0,328,3350,3350,3350,3350,3350,,0,,0.0,3329,342,342,342,342,342,,0,,0.0,340,-95,-95,,-95,-95,,0,,0.0,1,939,939,939,939,939,,0,,0.0,936,-10,-10,,-10,-10,,0,,0.0,1,-167,-167,,-167,-167,,0,,0.0,1,8150,8150,8150,8150,8150,,0,,0.0,7936
B5,1,100.0,178858,178858,178858,178858,178858,,0,,0.0,178688,93405,93405,93405,93405,93405,,0,,0.0,93184,125493,125493,125493,125493,125493,,0,,0.0,125440,79103,79103,79103,79103,79103,,0,,0.0,78848,28,28,28,28,28,,0,,0.0,28,2394,2394,2394,2394,2394,,0,,0.0,2366,261,261,261,261,261,,0,,0.0,257,4677,4677,4677,4677,4677,,0,,0.0,4627,-183,-183,,-183,-183,,0,,0.0,1,3704,3704,3704,3704,3704,,0,,0.0,3670,-135,-135,,-135,-135,,0,,0.0,1,-1,-1,,-1,-1,,0,,0.0,1,649,649,649,649,649,,0,,0.0,642,41,41,41,41,41,,0,,0.0,41,14,14,14,14,14,,0,,0.0,13,7957,7957,7957,7957,7957,,0,,0.0,7936
B6,1,100.0,210143,210143,210143,210143,210143,,0,,0.0,209920,97393,97393,97393,97393,97393,,0,,0.0,97280,141406,141406,141406,141406,141406,,0,,0.0,141312,110937,110937,110937,110937,110937,,0,,0.0,110848,48,48,48,48,48,,0,,0.0,48,-19,-19,,-19,-19,,0,,0.0,1,573,573,573,573,573,,0,,0.0,568,1566,1566,1566,1566,1566,,0,,0.0,1563,262,262,262,262,262,,0,,0.0,260,2,2,2,2,2,,0,,0.0,2,30,30,30,30,30,,0,,0.0,29,-2,-2,,-2,-2,,0,,0.0,1,455,455,455,455,455,,0,,0.0,450,99,99,99,99,99,,0,,0.0,98,46276,46276,46276,46276,46276,,0,,0.0,45826,7766,7766,7766,7766,7766,,0,,0.0,7680
B7,1,100.0,174729,174729,174729,174729,174729,,0,,0.0,174592,92259,92259,92259,92259,92259,,0,,0.0,92160,124118,124118,124118,124118,124118,,0,,0.0,123904,53943,53943,53943,53943,53943,,0,,0.0,53760,63,63,63,63,63,,0,,0.0,62,1461,1461,1461,1461,1461,,0,,0.0,1453,180,180,180,180,180,,0,,0.0,178,1725,1725,1725,1725,1725,,0,,0.0,1723,-327,-327,,-327,-327,,0,,0.0,1,2403,2403,2403,2403,2403,,0,,0.0,2395,-12,-12,,-12,-12,,0,,0.0,1,-42,-42,,-42,-42,,0,,0.0,1,1157,1157,1157,1157,1157,,0,,0.0,1152,36,36,36,36,36,,0,,0.0,36,1458,1458,1458,1458,1458,,0,,0.0,1453,7569,7569,7569,7569,7569,,0,,0.0,7424
B8,1,100.0,140642,140642,140642,140642,140642,,0,,0.0,140544,87799,87799,87799,87799,87799,,0,,0.0,87552,104979,104979,104979,104979,104979,,0,,0.0,104960,47752,47752,47752,47752,47752,,0,,0.0,47616,2,2,2,2,2,,0,,0.0,2,2065,2065,2065,2065,2065,,0,,0.0,2044,1193,1193,1193,1193,1193,,0,,0.0,1181,4180,4180,4180,4180,4180,,0,,0.0,4146,-433,-433,,-433,-433,,0,,0.0,1,1214,1214,1214,1214,1214,,0,,0.0,1210,140,140,140,140,140,,0,,0.0,140,188,188,188,188,188,,0,,0.0,185,1088,1088,1088,1088,1088,,0,,0.0,1084,132,132,132,132,132,,0,,0.0,131,523,523,523,523,523,,0,,0.0,521,7326,7326,7326,7326,7326,,0,,0.0,7168
B9,1,100.0,238398,238398,238398,238398,238398,,0,,0.0,238336,103369,103369,103369,103369,103369,,0,,0.0,103168,151145,151145,151145,151145,151145,,0,,0.0,151040,63768,63768,63768,63768,63768,,0,,0.0,63744,26,26,26,26,26,,0,,0.0,26,4990,4990,4990,4990,4990,,0,,0.0,4979,661,661,661,661,661,,0,,0.0,657,909,909,909,909,909,,0,,0.0,903,-270,-270,,-270,-270,,0,,0.0,1,3897,3897,3897,3897,3897,,0,,0.0,3854,-74,-74,,-74,-74,,0,,0.0,1,19,19,19,19,19,,0,,0.0,19,2610,2610,2610,2610,2610,,0,,0.0,2608,-4,-4,,-4,-4,,0,,0.0,1,-692,-692,,-692,-692,,0,,0.0,1,7117,7117,7117,7117,7117,,0,,0.0,6912
B10,1,100.0,152828,152828,152828,152828,152828,,0,,0.0,152576,91350,91350,91350,91350,91350,,0,,0.0,91136,109641,109641,109641,109641,109641,,0,,0.0,109568,90871,90871,90871,90871,90871,,0,,0.0,90624,65,65,65,65,65,,0,,0.0,64,12,12,12,12,12,,0,,0.0,12,951,951,951,951,951,,0,,0.0,948,6504,6504,6504,6504,6504,,0,,0.0,6432,-371,-371,,-371,-371,,0,,0.0,1,-296,-296,,-296,-296,,0,,0.0,1,28,28,28,28,28,,0,,0.0,28,628,628,628,628,628,,0,,0.0,626,398,398,398,398,398,,0,,0.0,394,68,68,68,68,68,,0,,0.0,66,17512,17512,17512,17512,17512,,0,,0.0,17485,6923,6923,6923,6923,6923,,0,,0.0,6912
B11,1,100.0,243738,243738,243738,243738,243738,,0,,0.0,243712,100780,100780,100780,100780,100780,,0,,0.0,100608,158500,158500,158500,158500,158500,,0,,0.0,158464,146382,146382,146382,146382,146382,,0,,0.0,146176,96,96,96,96,96,,0,,0.0,95,1,1,1,1,1,,0,,0.0,1,1081,1081,1081,1081,1081,,0,,0.0,1071,831,831,831,831,831,,0,,0.0,829,215,215,215,215,215,,0,,0.0,214,447,447,447,447,447,,0,,0.0,445,-118,-118,,-118,-118,,0,,0.0,1,124,124,124,124,124,,0,,0.0,122,339,339,339,339,339,,0,,0.0,336,208,208,208,208,208,,0,,0.0,206,69808,69808,69808,69808,69808,,0,,0.0,69374,6731,6731,6731,6731,6731,,0,,0.0,6656
B12,1,100.0,181390,181390,181390,181390,181390,,0,,0.0,181248,96051,96051,96051,96051,96051,,0,,0.0,96000,123764,123764,123764,123764,123764,,0,,0.0,123648,128290,128290,128290,128290,128290,,0,,0.0,128256,72,72,72,72,72,,0,,0.0,71,5,5,5,5,5,,0,,0.0,4,839,839,839,839,839,,0,,0.0,829,851,851,851,851,851,,0,,0.0,849,88,88,88,88,88,,0,,0.0,87,265,265,265,265,265,,0,,0.0,263,-75,-75,,-75,-75,,0,,0.0,1,1082,1082,1082,1082,1082,,0,,0.0,1071,612,612,612,612,612,,0,,0.0,611,123,123,123,123,123,,0,,0.0,121,57437,57437,57437,57437,57437,,0,,0.0,57075,6532,6532,6532,6532,6532,,0,,0.0,6400
C1,1,100.0,190200,190200,190200,190200,190200,,0,,0.0,189952,95393,95393,95393,95393,95393,,0,,0.0,95232,130669,130669,130669,130669,130669,,0,,0.0,130560,95422,95422,95422,95422,95422,,0,,0.0,95232,74,74,74,74,74,,0,,0.0,72,1439,1439,1439,1439,1439,,0,,0.0,1435,266,266,266,266,266,,0,,0.0,263,6479,6479,6479,6479,6479,,0,,0.0,6432,146,146,146,146,146,,0,,0.0,145,3999,3999,3999,3999,3999,,0,,0.0,3997,38,38,38,38,38,,0,,0.0,38,17,17,17,17,17,,0,,0.0,17,408,408,408,408,408,,0,,0.0,404,66,66,66,66,66,,0,,0.0,66,138,138,138,138,138,,0,,0.0,138,8954,8954,8954,8954,8954,,0,,0.0,8704
C2,1,100.0,165265,165265,165265,165265,165265,,0,,0.0,165120,92907,92907,92907,92907,92907,,0,,0.0,92672,116577,116577,116577,116577,116577,,0,,0.0,116480,76226,76226,76226,76226,76226,,0,,0.0,76032,32,32,32,32,32,,0,,0.0,32,43,43,43,43,43,,0,,0.0,42,429,429,429,429,429,,0,,0.0,424,598,598,598,598,598,,0,,0.0,596,76,76,76,76,76,,0,,0.0,76,211,211,211,211,211,,0,,0.0,209,19,19,19,19,19,,0,,0.0,18,32,32,32,32,32,,0,,0.0,32,471,471,471,471,471,,0,,0.0,467,101,101,101,101,101,,0,,0.0,100,48351,48351,48351,48351,48351,,0,,0.0,48117,9151,9151,9151,9151,9151,,0,,0.0,8960
C3,1,100.0,180521,180521,180521,180521,180521,,0,,0.0,180480,93580,93580,93580,93580,93580,,0,,0.0,93440,126423,126423,126423,126423,126423,,0,,0.0,126208,88211,88211,88211,88211,88211,,0,,0.0,88064,139,139,139,139,139,,0,,0.0,138,88,88,88,88,88,,0,,0.0,88,1457,1457,1457,1457,1457,,0,,0.0,1453,6054,6054,6054,6054,6054,,0,,0.0,6051,-365,-365,,-365,-365,,0,,0.0,1,17,17,17,17,17,,0,,0.0,16,-90,-90,,-90,-90,,0,,0.0,1,354,354,354,354,354,,0,,0.0,353,538,538,538,538,538,,0,,0.0,534,110,110,110,110,110,,0,,0.0,109,24046,24046,24046,24046,24046,,0,,0.0,24009,9344,9344,9344,9344,9344,,0,,0.0,9216
C4,1,100.0,173045,173045,173045,173045,173045,,0,,0.0,172800,91523,91523,91523,91523,91523,,0,,0.0,91392,123910,123910,123910,123910,123910,,0,,0.0,123904,55359,55359,55359,55359,55359,,0,,0.0,55296,67,67,67,67,67,,0,,0.0,66,2271,2271,2271,2271,2271,,0,,0.0,2253,1903,1903,1903,1903,1903,,0,,0.0,1900,6638,6638,6638,6638,6638,,0,,0.0,6591,255,255,255,255,255,,0,,0.0,254,199,199,199,199,199,,0,,0.0,199,140,140,140,140,140,,0,,0.0,140,1535,1535,1535,1535,1535,,0,,0.0,1525,338,338,338,338,338,,0,,0.0,336,88,88,88,88,88,,0,,0.0,87,-1569,-1569,,-1569,-1569,,0,,0.0,1,9545,9545,9545,9545,9545,,0,,0.0,9472
C5,1,100.0,262143,262143,262143,262143,262143,,0,,0.0,261888,102791,102791,102791,102791,102791,,0,,0.0,102656,167133,167133,167133,167133,167133,,0,,0.0,166912,117410,117410,117410,117410,117410,,0,,0.0,117248,99,99,99,99,99,,0,,0.0,97,3508,3508,3508,3508,3508,,0,,0.0,3495,530,530,530,530,530,,0,,0.0,528,2641,2641,2641,2641,2641,,0,,0.0,2640,-112,-112,,-112,-112,,0,,0.0,1,4145,4145,4145,4145,4145,,0,,0.0,4096,-70,-70,,-70,-70,,0,,0.0,1,-44,-44,,-44,-44,,0,,0.0,1,951,951,951,951,951,,0,,0.0,948,162,162,162,162,162,,0,,0.0,162,-184,-184,,-184,-184,,0,,0.0,1,9744,9744,9744,9744,9744,,0,,0.0,9728
C6,1,100.0,158800,158800,158800,158800,158800,,0,,0.0,158720,99183,99183,99183,99183,99183,,0,,0.0,99072,104928,104928,104928,104928,104928,,0,,0.0,104704,64343,64343,64343,64343,64343,,0,,0.0,64256,30,30,30,30,30,,0,,0.0,30,3218,3218,3218,3218,3218,,0,,0.0,3209,3169,3169,3169,3169,3169,,0,,0.0,3132,3176,3176,3176,3176,3176,,0,,0.0,3170,-204,-204,,-204,-204,,0,,0.0,1,1081,1081,1081,1081,1081,,0,,0.0,1071,554,554,554,554,554,,0,,0.0,548,112,112,112,112,112,,0,,0.0,111,1095,1095,1095,1095,1095,,0,,0.0,1084,111,111,111,111,111,,0,,0.0,109,-476,-476,,-476,-476,,0,,0.0,1,9958,9958,9958,9958,9958,,0,,0.0,9728
C7,1,100.0,142212,142212,142212,142212,142212,,0,,0.0,142080,93713,93713,93713,93713,93713,,0,,0.0,93696,99453,99453,99453,99453,99453,,0,,0.0,99328,125804,125804,125804,125804,125804,,0,,0.0,125696,148,148,148,148,148,,0,,0.0,147,99,99,99,99,99,,0,,0.0,98,969,969,969,969,969,,0,,0.0,960,2947,2947,2947,2947,2947,,0,,0.0,2911,37,37,37,37,37,,0,,0.0,37,-16,-16,,-16,-16,,0,,0.0,1,425,425,425,425,425,,0,,0.0,424,446,446,446,446,446,,0,,0.0,445,1161,1161,1161,1161,1161,,0,,0.0,1152,118,118,118,118,118,,0,,0.0,118,18028,18028,18028,18028,18028,,0,,0.0,17917,10156,10156,10155,10156,10156,,0,,0.0,9984
C8,1,100.0,160468,160468,160468,160468,160468,,0,,0.0,160256,91926,91926,91926,91926,91926,,0,,0.0,91904,114401,114401,114401,114401,114401,,0,,0.0,114176,76408,76408,76408,76408,76408,,0,,0.0,76288,76,76,76,76,76,,0,,0.0,75,64,64,64,64,64,,0,,0.0,64,1913,1913,1913,1913,1913,,0,,0.0,1900,6063,6063,6063,6063,6063,,0,,0.0,6051,0,0,0,0,0,,0,,0.0,1,209,209,209,209,209,,0,,0.0,206,166,166,166,166,166,,0,,0.0,166,164,164,164,164,164,,0,,0.0,162,1477,1477,1477,1477,1477,,0,,0.0,1470,30,30,30,30,30,,0,,0.0,29,11114,11114,11114,11114,11114,,0,,0.0,11000,10347,10347,10347,10347,10347,,0,,0.0,10240
C9,1,100.0,145606,145606,145606,145606,145606,,0,,0.0,145408,88680,88680,88680,88680,88680,,0,,0.0,88576,107605,107605,107605,107605,107605,,0,,0.0,107520,77266,77266,77266,77266,77266,,0,,0.0,77056,52,52,52,52,52,,0,,0.0,51,3,3,3,3,3,,0,,0.0,2,483,483,483,483,483,,0,,0.0,479,4406,4406,4406,4406,4406,,0,,0.0,4354,-320,-320,,-320,-320,,0,,0.0,1,203,203,203,203,203,,0,,0.0,201,12,12,12,12,12,,0,,0.0,12,238,238,238,238,238,,0,,0.0,236,687,687,687,687,687,,0,,0.0,682,103,103,103,103,103,,0,,0.0,102,5935,5935,5935,5935,5935,,0,,0.0,5906,10539,10539,10538,10539,10539,,0,,0.0,10496
C10,1,100.0,195386,195386,195386,195386,195386,,0,,0.0,195328,97674,97674,97674,97674,97674,,0,,0.0,97536,131097,131097,131097,131097,131097,,0,,0.0,131072,125525,125525,125525,125525,125525,,0,,0.0,125440,142,142,142,142,142,,0,,0.0,140,26,26,26,26,26,,0,,0.0,26,1035,1035,1035,1035,1035,,0,,0.0,1032,1987,1987,1987,1987,1987,,0,,0.0,1970,-52,-52,,-52,-52,,0,,0.0,1,131,131,131,131,131,,0,,0.0,130,-37,-37,,-37,-37,,0,,0.0,1,263,263,263,263,263,,0,,0.0,260,601,601,601,601,601,,0,,0.0,596,69,69,69,69,69,,0,,0.0,69,809,809,809,809,809,,0,,0.0,809,10750,10750,10750,10750,10750,,0,,0.0,10496
C11,1,100.0,187900,187900,187899,187900,187900,,0,,0.0,187648,93709,93709,93709,93709,93709,,0,,0.0,93696,131409,131409,131409,131409,131409,,0,,0.0,131328,79452,79452,79452,79452,79452,,0,,0.0,79360,104,104,104,104,104,,0,,0.0,103,18,18,18,18,18,,0,,0.0,17,631,631,631,631,631,,0,,0.0,626,856,856,856,856,856,,0,,0.0,849,-168,-168,,-168,-168,,0,,0.0,1,192,192,192,192,192,,0,,0.0,192,93,93,93,93,93,,0,,0.0,91,169,169,169,169,169,,0,,0.0,168,684,684,684,684,684,,0,,0.0,682,31,31,31,31,31,,0,,0.0,31,34283,34283,34283,34283,34283,,0,,0.0,34197,10994,10994,10994,10994,10994,,0,,0.0,10752
C12,1,100.0,202305,202305,202305,202305,202305,,0,,0.0,202240,95708,95708,95708,95708,95708,,0,,0.0,95488,138528,138528,138528,138528,138528,,0,,0.0,138496,130402,130402,130402,130402,130402,,0,,0.0,130304,95,95,95,95,95,,0,,0.0,93,39,39,39,39,39,,0,,0.0,38,960,960,960,960,960,,0,,0.0,948,4475,4475,4475,4475,4475,,0,,0.0,4461,-141,-141,,-141,-141,,0,,0.0,1,7,7,7,7,7,,0,,0.0,7,57,57,57,57,57,,0,,0.0,56,259,259,259,259,259,,0,,0.0,257,408,408,408,408,408,,0,,0.0,404,120,120,120,120,120,,0,,0.0,118,3458,3458,3458,3458,3458,,0,,0.0,3453,11193,11193,11192,11193,11193,,0,,0.0,11008
D1,1,100.0,184989,184989,184989,184989,184989,,0,,0.0,184832,96065,96065,96065,96065,96065,,0,,0.0,96000,126200,126200,126200,126200,126200,,0,,0.0,125952,131587,131587,131587,131587,131587,,0,,0.0,131584,79,79,79,79,79,,0,,0.0,79,74,74,74,74,74,,0,,0.0,72,1072,1072,1072,1072,1072,,0,,0.0,1071,3624,3624,3624,3624,3624,,0,,0.0,3582,37,37,37,37,37,,0,,0.0,37,102,102,102,102,102,,0,,0.0,102,-49,-49,,-49,-49,,0,,0.0,1,545,545,545,545,545,,0,,0.0,541,738,738,738,738,738,,0,,0.0,734,76,76,76,76,76,,0,,0.0,75,16599,16599,16599,16599,16599,,0,,0.0,16451,13626,13626,13626,13626,13626,,0,,0.0,13568
D2,1,100.0,159408,159408,159408,159408,159408,,0,,0.0,159232,95318,95318,95318,95318,95318,,0,,0.0,95232,109602,109602,109602,109602,109602,,0,,0.0,109568,91453,91453,91453,91453,91453,,0,,0.0,91392,84,84,84,84,84,,0,,0.0,83,4659,4659,4659,4659,4659,,0,,0.0,4627,1315,1315,1315,1315,1315,,0,,0.0,1302,456,456,456,456,456,,0,,0.0,456,-53,-53,,-53,-53,,0,,0.0,1,3151,3151,3151,3151,3151,,0,,0.0,3132,704,704,704,704,704,,0,,0.0,699,74,74,74,74,74,,0,,0.0,72,2346,2346,2346,2346,2346,,0,,0.0,2337,43,43,43,43,43,,0,,0.0,42,-715,-715,,-715,-715,,0,,0.0,1,13436,13436,13436,13436,13436,,0,,0.0,13312
D3,1,100.0,194729,194729,194729,194729,194729,,0,,0.0,194560,99316,99316,99316,99316,99316,,0,,0.0,99072,128496,128496,128496,128496,128496,,0,,0.0,128256,117253,117253,117253,117253,117253,,0,,0.0,117248,60,60,60,60,60,,0,,0.0,59,97,97,97,97,97,,0,,0.0,97,2212,2212,2212,2212,2212,,0,,0.0,2199,3070,3070,3070,3070,3070,,0,,0.0,3057,39,39,39,39,39,,0,,0.0,39,178,178,178,178,178,,0,,0.0,176,266,266,266,266,266,,0,,0.0,263,253,253,253,253,253,,0,,0.0,251,599,599,599,599,599,,0,,0.0,596,52,52,52,52,52,,0,,0.0,51,28090,28090,28090,28090,28090,,0,,0.0,27793,13236,13236,13236,13236,13236,,0,,0.0,13056
D4,1,100.0,139942,139942,139942,139942,139942,,0,,0.0,139776,88376,88376,88376,88376,88376,,0,,0.0,88320,103775,103775,103775,103775,103775,,0,,0.0,103680,61823,61823,61823,61823,61823,,0,,0.0,61696,321,321,321,321,321,,0,,0.0,316,1254,1254,1254,1254,1254,,0,,0.0,1240,917,917,917,917,917,,0,,0.0,914,642,642,642,642,642,,0,,0.0,642,-235,-235,,-235,-235,,0,,0.0,1,410,410,410,410,410,,0,,0.0,409,749,749,749,749,749,,0,,0.0,743,-63,-63,,-63,-63,,0,,0.0,1,534,534,534,534,534,,0,,0.0,528,-17,-17,,-17,-17,,0,,0.0,1,-1133,-1133,,-1133,-1133,,0,,0.0,1,13011,13011,13011,13011,13011,,0,,0.0,12800
D5,1,100.0,175354,175354,175354,175354,175354,,0,,0.0,175104,93984,93984,93984,93984,93984,,0,,0.0,93952,122276,122276,122276,122276,122276,,0,,0.0,122112,86878,86878,86878,86878,86878,,0,,0.0,86784,70,70,70,70,70,,0,,0.0,69,3265,3265,3265,3265,3265,,0,,0.0,3249,68,68,68,68,68,,0,,0.0,66,6067,6067,6067,6067,6067,,0,,0.0,6051,-480,-480,,-480,-480,,0,,0.0,1,3439,3439,3439,3439,3439,,0,,0.0,3411,112,112,112,112,112,,0,,0.0,111,-70,-70,,-70,-70,,0,,0.0,1,398,398,398,398,398,,0,,0.0,394,71,71,71,71,71,,0,,0.0,70,-995,-995,,-995,-995,,0,,0.0,1,12819,12819,12819,12819,12819,,0,,0.0,12800
D6,1,100.0,177466,177466,177466,177466,177466,,0,,0.0,177408,92699,92699,92699,92699,92699,,0,,0.0,92672,125464,125464,125464,125464,125464,,0,,0.0,125440,73231,73231,73231,73231,73231,,0,,0.0,73216,119,119,119,119,119,,0,,0.0,118,35,35,35,35,35,,0,,0.0,35,913,913,913,913,913,,0,,0.0,903,2749,2749,2749,2749,2749,,0,,0.0,2739,-305,-305,,-305,-305,,0,,0.0,1,-52,-52,,-52,-52,,0,,0.0,1,-57,-57,,-57,-57,,0,,0.0,1,183,183,183,183,183,,0,,0.0,183,1050,1050,1050,1050,1050,,0,,0.0,1045,145,145,145,145,145,,0,,0.0,145,2761,2761,2761,2761,2761,,0,,0.0,2739,12628,12628,12627,12628,12628,,0,,0.0,12544
D7,1,100.0,185797,185797,185797,185797,185797,,0,,0.0,185600,93018,93018,93018,93018,93018,,0,,0.0,92928,130903,130903,130903,130903,130903,,0,,0.0,130816,65790,65790,65790,65790,65790,,0,,0.0,65536,80,80,80,80,80,,0,,0.0,80,3415,3415,3415,3415,3415,,0,,0.0,3411,1200,1200,1200,1200,1200,,0,,0.0,1195,523,523,523,523,523,,0,,0.0,521,98,98,98,98,98,,0,,0.0,97,728,728,728,728,728,,0,,0.0,725,93,93,93,93,93,,0,,0.0,91,65,65,65,65,65,,0,,0.0,65,576,576,576,576,576,,0,,0.0,575,58,58,58,58,58,,0,,0.0,57,-1569,-1569,,-1569,-1569,,0,,0.0,1,12437,12437,12437,12437,12437,,0,,0.0,12288
D8,1,100.0,168227,168227,168227,168227,168227,,0,,0.0,168192,92740,92740,92740,92740,92740,,0,,0.0,92672,118880,118880,118880,118880,118880,,0,,0.0,118784,117073,117073,117073,117073,117073,,0,,0.0,116992,100,100,100,100,100,,0,,0.0,98,213,213,213,213,213,,0,,0.0,211,1824,1824,1824,1824,1824,,0,,0.0,1809,5148,5148,5148,5148,5148,,0,,0.0,5102,-228,-228,,-228,-228,,0,,0.0,1,36,36,36,36,36,,0,,0.0,36,40,40,40,40,40,,0,,0.0,40,417,417,417,417,417,,0,,0.0,414,531,531,531,531,531,,0,,0.0,528,101,101,101,101,101,,0,,0.0,99,2577,2577,2577,2577,2577,,0,,0.0,2577,12230,12230,12230,12230,12230,,0,,0.0,12032
D9,1,100.0,165720,165720,165720,165720,165720,,0,,0.0,165632,96060,96060,96060,96060,96060,,0,,0.0,96000,113061,113061,113061,113061,113061,,0,,0.0,112896,96481,96481,96481,96481,96481,,0,,0.0,96256,178,178,178,178,178,,0,,0.0,176,127,127,127,127,127,,0,,0.0,127,1920,1920,1920,1920,1920,,0,,0.0,1900,3325,3325,3325,3325,3325,,0,,0.0,3289,-194,-194,,-194,-194,,0,,0.0,1,147,147,147,147,147,,0,,0.0,145,108,108,108,108,108,,0,,0.0,107,121,121,121,121,121,,0,,0.0,119,948,948,948,948,948,,0,,0.0,936,58,58,58,58,58,,0,,0.0,57,2708,2708,2708,2708,2708,,0,,0.0,2706,12035,12035,12035,12035,12035,,0,,0.0,12032
D10,1,100.0,165876,165876,165876,165876,165876,,0,,0.0,165632,91036,91036,91036,91036,91036,,0,,0.0,90880,119413,119413,119413,119413,119413,,0,,0.0,119296,63600,63600,63600,63600,63600,,0,,0.0,63488,1,1,1,1,1,,0,,0.0,1,1873,1873,1873,1873,1873,,0,,0.0,1854,129,129,129,129,129,,0,,0.0,128,4276,4276,4276,4276,4276,,0,,0.0,4249,-47,-47,,-47,-47,,0,,0.0,1,2730,2730,2730,2730,2730,,0,,0.0,2706,-16,-16,,-16,-16,,0,,0.0,1,26,26,26,26,26,,0,,0.0,25,336,336,336,336,336,,0,,0.0,332,1,1,1,1,1,,0,,0.0,1,43,43,43,43,43,,0,,0.0,43,11839,11839,11839,11839,11839,,0,,0.0,11776
D11,1,100.0,146932,146932,146932,146932,146932,,0,,0.0,146688,95351,95351,95351,95351,95351,,0,,0.0,95232,100989,100989,100989,100989,100989,,0,,0.0,100864,76174,76174,76174,76174,76174,,0,,0.0,76032,79,79,79,79,79,,0,,0.0,79,2842,2842,2842,2842,2842,,0,,0.0,2841,898,898,898,898,898,,0,,0.0,892,973,973,973,973,973,,0,,0.0,971,-231,-231,,-231,-231,,0,,0.0,1,1879,1879,1879,1879,1879,,0,,0.0,1877,267,267,267,267,267,,0,,0.0,267,-38,-38,,-38,-38,,0,,0.0,1,1347,1347,1347,1347,1347,,0,,0.0,1334,81,81,81,81,81,,0,,0.0,80,88,88,88,88,88,,0,,0.0,88,11595,11595,11595,11595,11595,,0,,0.0,11520
D12,1,100.0,198757,198757,198757,198757,198757,,0,,0.0,198656,99899,99899,99899,99899,99899,,0,,0.0,99840,130389,130389,130389,130389,130389,,0,,0.0,130304,111274,111274,111274,111274,111274,,0,,0.0,111104,51,51,51,51,51,,0,,0.0,50,34,34,34,34,34,,0,,0.0,33,1569,1569,1569,1569,1569,,0,,0.0,1563,4130,4130,4130,4130,4130,,0,,0.0,4096,-230,-230,,-230,-230,,0,,0.0,1,159,159,159,159,159,,0,,0.0,158,-25,-25,,-25,-25,,0,,0.0,1,125,125,125,125,125,,0,,0.0,124,1015,1015,1015,1015,1015,,0,,0.0,1007,136,136,136,136,136,,0,,0.0,135,25464,25464,25464,25464,25464,,0,,0.0,25210,11384,11384,11384,11384,11384,,0,,0.0,11264
E1,1,100.0,153587,153587,153587,153587,153587,,0,,0.0,153344,90147,90147,90147,90147,90147,,0,,0.0,90112,111656,111656,111656,111656,111656,,0,,0.0,111616,99782,99782,99782,99782,99782,,0,,0.0,99584,79,79,79,79,79,,0,,0.0,79,26,26,26,26,26,,0,,0.0,26,723,723,723,723,723,,0,,0.0,716,2971,2971,2971,2971,2971,,0,,0.0,2947,-305,-305,,-305,-305,,0,,0.0,1,172,172,172,172,172,,0,,0.0,172,-92,-92,,-92,-92,,0,,0.0,1,1012,1012,1012,1012,1012,,0,,0.0,1007,321,321,321,321,321,,0,,0.0,320,40,40,40,40,40,,0,,0.0,40,51085,51085,51085,51085,51085,,0,,0.0,50522,13818,13818,13818,13818,13818,,0,,0.0,13568
E2,1,100.0,183424,183424,183424,183424,183424,,0,,0.0,183296,98165,98165,98165,98165,98165,,0,,0.0,98048,122456,122456,122456,122456,122456,,0,,0.0,122368,154628,154628,154628,154628,154628,,0,,0.0,154624,91,91,91,91,91,,0,,0.0,90,6,6,6,6,6,,0,,0.0,6,1346,1346,1346,1346,1346,,0,,0.0,1334,6660,6660,6660,6660,6660,,0,,0.0,6591,110,110,110,110,110,,0,,0.0,108,-69,-69,,-69,-69,,0,,0.0,1,-227,-227,,-227,-227,,0,,0.0,1,371,371,371,371,371,,0,,0.0,371,362,362,362,362,362,,0,,0.0,357,125,125,125,125,125,,0,,0.0,124,2685,2685,2685,2685,2685,,0,,0.0,2673,14015,14015,14015,14015,14015,,0,,0.0,13824
E3,1,100.0,156113,156113,156113,156113,156113,,0,,0.0,155904,89503,89503,89503,89503,89503,,0,,0.0,89344,114310,114310,114310,114310,114310,,0,,0.0,114176,62376,62376,62376,62376,62376,,0,,0.0,62208,152,152,152,152,152,,0,,0.0,150,81,81,81,81,81,,0,,0.0,81,1043,1043,1043,1043,1043,,0,,0.0,1032,2155,2155,2155,2155,2155,,0,,0.0,2146,-248,-248,,-248,-248,,0,,0.0,1,182,182,182,182,182,,0,,0.0,180,313,313,313,313,313,,0,,0.0,312,45,45,45,45,45,,0,,0.0,45,1073,1073,1073,1073,1073,,0,,0.0,1071,200,200,200,200,200,,0,,0.0,199,919,919,919,919,919,,0,,0.0,914,14210,14210,14210,14210,14210,,0,,0.0,14080
E4,1,100.0,104986,104986,104986,104986,104986,,0,,0.0,104960,84859,84859,84859,84859,84859,,0,,0.0,84736,81080,81080,81080,81080,81080,,0,,0.0,80896,35271,35271,35271,35271,35271,,0,,0.0,35072,14,14,14,14,14,,0,,0.0,14,923,923,923,923,923,,0,,0.0,914,1003,1003,1003,1003,1003,,0,,0.0,995,800,800,800,800,800,,0,,0.0,789,220,220,220,220,220,,0,,0.0,217,321,321,321,321,321,,0,,0.0,316,1242,1242,1242,1242,1242,,0,,0.0,1240,5,5,5,5,5,,0,,0.0,4,801,801,801,801,801,,0,,0.0,799,7,7,7,7,7,,0,,0.0,7,958,958,958,958,958,,0,,0.0,948,14412,14412,14412,14412,14412,,0,,0.0,14336
E5,1,100.0,151106,151106,151106,151106,151106,,0,,0.0,151040,90451,90451,90451,90451,90451,,0,,0.0,90368,109484,109484,109484,109484,109484,,0,,0.0,109312,74116,74116,74116,74116,74116,,0,,0.0,73984,35,35,35,35,35,,0,,0.0,35,3995,3995,3995,3995,3995,,0,,0.0,3949,510,510,510,510,510,,0,,0.0,509,419,419,419,419,419,,0,,0.0,414,237,237,237,237,237,,0,,0.0,233,3182,3182,3182,3182,3182,,0,,0.0,3170,358,358,358,358,358,,0,,0.0,357,-77,-77,,-77,-77,,0,,0.0,1,1424,1424,1424,1424,1424,,0,,0.0,1418,84,84,84,84,84,,0,,0.0,83,1275,1275,1275,1275,1275,,0,,0.0,1270,14603,14603,14603,14603,14603,,0,,0.0,14592
E6,1,100.0,167644,167644,167644,167644,167644,,0,,0.0,167424,91577,91577,91577,91577,91577,,0,,0.0,91392,119973,119973,119973,119973,119973,,0,,0.0,119808,69907,69907,69907,69907,69907,,0,,0.0,69888,22,22,22,22,22,,0,,0.0,21,37,37,37,37,37,,0,,0.0,36,620,620,620,620,620,,0,,0.0,619,511,511,511,511,511,,0,,0.0,509,0,0,,0,0,,0,,0.0,1,69,69,69,69,69,,0,,0.0,69,-63,-63,,-63,-63,,0,,0.0,1,745,745,745,745,745,,0,,0.0,743,336,336,336,336,336,,0,,0.0,332,52,52,52,52,52,,0,,0.0,51,41969,41969,41969,41969,41969,,0,,0.0,41566,14796,14796,14796,14796,14796,,0,,0.0,14592
E7,1,100.0,151682,151682,151682,151682,151682,,0,,0.0,151552,88883,88883,88883,88883,88883,,0,,0.0,88832,111840,111840,111840,111840,111840,,0,,0.0,111616,68117,68117,68117,68117,68117,,0,,0.0,68096,38,38,38,38,38,,0,,0.0,37,18,18,18,18,18,,0,,0.0,17,398,398,398,398,398,,0,,0.0,394,2453,2453,2453,2453,2453,,0,,0.0,2424,-178,-178,,-178,-178,,0,,0.0,1,-74,-74,,-74,-74,,0,,0.0,1,290,290,290,290,290,,0,,0.0,287,-31,-31,,-31,-31,,0,,0.0,1,791,791,791,791,791,,0,,0.0,789,-7,-7,,-7,-7,,0,,0.0,1,317,317,317,317,317,,0,,0.0,312,14994,14994,14994,14994,14994,,0,,0.0,14848
E8,1,100.0,169474,169474,169474,169474,169474,,0,,0.0,169472,94212,94212,94212,94212,94212,,0,,0.0,94208,117890,117890,117890,117890,117890,,0,,0.0,117760,133541,133541,133541,133541,133541,,0,,0.0,133376,125,125,125,125,125,,0,,0.0,124,46,46,46,46,46,,0,,0.0,45,486,486,486,486,486,,0,,0.0,485,3714,3714,3714,3714,3714,,0,,0.0,3670,-397,-397,,-397,-397,,0,,0.0,1,70,70,70,70,70,,0,,0.0,70,269,269,269,269,269,,0,,0.0,267,447,447,447,447,447,,0,,0.0,445,375,375,375,375,375,,0,,0.0,371,78,78,78,78,78,,0,,0.0,78,16841,16841,16841,16841,16841,,0,,0.0,16653,15187,15187,15187,15187,15187,,0,,0.0,15104
E9,1,100.0,161709,161709,161709,161709,161709,,0,,0.0,161536,90689,90689,90689,90689,90689,,0,,0.0,90624,116858,116858,116858,116858,116858,,0,,0.0,116736,59436,59436,59436,59436,59436,,0,,0.0,59392,105,105,105,105,105,,0,,0.0,103,1636,1636,1636,1636,1636,,0,,0.0,1621,735,735,735,735,735,,0,,0.0,734,1051,1051,1051,1051,1051,,0,,0.0,1045,-75,-75,,-75,-75,,0,,0.0,1,332,332,332,332,332,,0,,0.0,328,431,431,431,431,431,,0,,0.0,429,-20,-20,,-20,-20,,0,,0.0,1,1190,1190,1190,1190,1190,,0,,0.0,1181,79,79,79,79,79,,0,,0.0,79,-294,-294,,-294,-294,,0,,0.0,1,15384,15384,15384,15384,15384,,0,,0.0,15360
E10,1,100.0,217262,217262,217262,217262,217262,,0,,0.0,217088,100012,100012,100012,100012,100012,,0,,0.0,99840,142368,142368,142368,142368,142368,,0,,0.0,142336,105539,105539,105539,105539,105539,,0,,0.0,105472,100,100,100,100,100,,0,,0.0,99,0,0,,0,0,,0,,0.0,1,849,849,849,849,849,,0,,0.0,839,1731,1731,1731,1731,1731,,0,,0.0,1723,19,19,19,19,19,,0,,0.0,18,259,259,259,259,259,,0,,0.0,257,-190,-190,,-190,-190,,0,,0.0,1,343,343,343,343,343,,0,,0.0,340,462,462,462,462,462,,0,,0.0,456,53,53,53,53,53,,0,,0.0,51,28944,28944,28944,28944,28944,,0,,0.0,28829,15582,15582,15582,15582,15582,,0,,0.0,15360
E11,1,100.0,125180,125180,125180,125180,125180,,0,,0.0,124928,86736,86736,86736,86736,86736,,0,,0.0,86528,94584,94584,94584,94584,94584,,0,,0.0,94464,57228,57228,57228,57228,57228,,0,,0.0,57088,40,40,40,40,40,,0,,0.0,39,118,118,118,118,118,,0,,0.0,116,1950,1950,1950,1950,1950,,0,,0.0,1947,6760,6760,6760,6760,6760,,0,,0.0,6753,-208,-208,,-208,-208,,0,,0.0,1,117,117,117,117,117,,0,,0.0,115,385,385,385,385,385,,0,,0.0,380,-32,-32,,-32,-32,,0,,0.0,1,1020,1020,1020,1020,1020,,0,,0.0,1020,160,160,160,160,160,,0,,0.0,158,2533,2533,2533,2533,2533,,0,,0.0,2515,15774,15774,15773,15774,15774,,0,,0.0,15616
E12,1,100.0,158093,158093,158093,158093,158093,,0,,0.0,157952,95553,95553,95553,95553,95553,,0,,0.0,95488,108430,108430,108430,108430,108430,,0,,0.0,108288,87785,87785,87785,87785,87785,,0,,0.0,87552,72,72,72,72,72,,0,,0.0,71,-5,-5,,-5,-5,,0,,0.0,1,423,423,423,423,423,,0,,0.0,419,2164,2164,2164,2164,2164,,0,,0.0,2146,-3,-3,,-3,-3,,0,,0.0,1,198,198,198,198,198,,0,,0.0,197,-29,-29,,-29,-29,,0,,0.0,1,753,753,753,753,753,,0,,0.0,752,689,689,689,689,689,,0,,0.0,682,31,31,31,31,31,,0,,0.0,31,1104,1104,1104,1104,1104,,0,,0.0,1097,15971,15971,15971,15971,15971,,0,,0.0,15872
F1,1,100.0,131890,131890,131889,131890,131890,,0,,0.0,131840,86761,86761,86761,86761,86761,,0,,0.0,86528,99624,99624,99624,99624,99624,,0,,0.0,99584,49890,49890,49890,49890,49890,,0,,0.0,49664,40,40,40,40,40,,0,,0.0,40,23,23,23,23,23,,0,,0.0,23,161,161,161,161,161,,0,,0.0,160,346,346,346,346,346,,0,,0.0,344,79,79,79,79,79,,0,,0.0,79,37,37,37,37,37,,0,,0.0,37,170,170,170,170,170,,0,,0.0,168,67,67,67,67,67,,0,,0.0,66,1193,1193,1193,1193,1193,,0,,0.0,1181,1,1,1,1,1,,0,,0.0,1,1084,1084,1084,1084,1084,,0,,0.0,1084,18315,18315,18315,18315,18315,,0,,0.0,18176
F2,1,100.0,191258,191258,191258,191258,191258,,0,,0.0,191232,96131,96131,96131,96131,96131,,0,,0.0,96000,130387,130387,130387,130387,130387,,0,,0.0,130304,136355,136355,136355,136355,136355,,0,,0.0,136192,87,87,87,87,87,,0,,0.0,86,-3,-3,,-3,-3,,0,,0.0,1,1163,1163,1163,1163,1163,,0,,0.0,1152,3821,3821,3821,3821,3821,,0,,0.0,3807,-388,-388,,-388,-388,,0,,0.0,1,-67,-67,,-67,-67,,0,,0.0,1,-31,-31,,-31,-31,,0,,0.0,1,918,918,918,918,918,,0,,0.0,914,646,646,646,646,646,,0,,0.0,642,101,101,101,101,101,,0,,0.0,99,32334,32334,32334,32334,32334,,0,,0.0,32174,18119,18119,18119,18119,18119,,0,,0.0,17920
F3,1,100.0,150594,150594,150594,150594,150594,,0,,0.0,150528,89390,89390,89390,89390,89390,,0,,0.0,89344,110408,110408,110408,110408,110408,,0,,0.0,110336,66561,66561,66561,66561,66561,,0,,0.0,66560,45,45,45,45,45,,0,,0.0,44,18,18,18,18,18,,0,,0.0,18,603,603,603,603,603,,0,,0.0,596,868,868,868,868,868,,0,,0.0,860,107,107,107,107,107,,0,,0.0,107,46,46,46,46,46,,0,,0.0,45,2,2,2,2,2,,0,,0.0,2,42,42,42,42,42,,0,,0.0,41,569,569,569,569,569,,0,,0.0,568,66,66,66,66,66,,0,,0.0,66,12313,12313,12313,12313,12313,,0,,0.0,12276,17925,17925,17925,17925,17925,,0,,0.0,17920
F4,1,100.0,194456,194456,194456,194456,194456,,0,,0.0,194304,93891,93891,93891,93891,93891,,0,,0.0,93696,135730,135730,135730,135730,135730,,0,,0.0,135680,99728,99728,99728,99728,99728,,0,,0.0,99584,42,42,42,42,42,,0,,0.0,42,17,17,17,17,17,,0,,0.0,16,729,729,729,729,729,,0,,0.0,725,1921,1921,1921,1921,1921,,0,,0.0,1900,-356,-356,,-356,-356,,0,,0.0,1,92,92,92,92,92,,0,,0.0,90,59,59,59,59,59,,0,,0.0,57,-21,-21,,-21,-21,,0,,0.0,1,558,558,558,558,558,,0,,0.0,554,115,115,115,115,115,,0,,0.0,114,81897,81897,81897,81897,81897,,0,,0.0,81293,17729,17729,17729,17729,17729,,0,,0.0,17664
F5,1,100.0,174419,174419,174419,174419,174419,,0,,0.0,174336,91282,91282,91282,91282,91282,,0,,0.0,91136,125225,125225,125225,125225,125225,,0,,0.0,125184,57428,57428,57428,57428,57428,,0,,0.0,57344,127,127,127,127,127,,0,,0.0,125,132,132,132,132,132,,0,,0.0,131,1488,1488,1488,1488,1488,,0,,0.0,1470,4061,4061,4061,4061,4061,,0,,0.0,4046,-436,-436,,-436,-436,,0,,0.0,1,-21,-21,,-21,-21,,0,,0.0,1,-27,-27,,-27,-27,,0,,0.0,1,110,110,110,110,110,,0,,0.0,108,1326,1326,1326,1326,1326,,0,,0.0,1318,73,73,73,73,73,,0,,0.0,71,3197,3197,3197,3197,3197,,0,,0.0,3170,17537,17537,17537,17537,17537,,0,,0.0,17408
F6,1,100.0,178155,178155,178155,178155,178155,,0,,0.0,177920,92244,92244,92244,92244,92244,,0,,0.0,92160,126572,126572,126572,126572,126572,,0,,0.0,126464,75396,75396,75396,75396,75396,,0,,0.0,75264,36,36,36,36,36,,0,,0.0,36,104,104,104,104,104,,0,,0.0,103,271,271,271,271,271,,0,,0.0,270,260,260,260,260,260,,0,,0.0,257,-19,-19,,-19,-19,,0,,0.0,1,130,130,130,130,130,,0,,0.0,130,65,65,65,65,65,,0,,0.0,64,423,423,423,423,423,,0,,0.0,419,418,418,418,418,418,,0,,0.0,414,-3,-3,,-3,-3,,0,,0.0,1,18182,18182,18182,18182,18182,,0,,0.0,18137,17346,17346,17346,17346,17346,,0,,0.0,17152
F7,1,100.0,196219,196219,196219,196219,196219,,0,,0.0,196096,100361,100361,100361,100361,100361,,0,,0.0,100352,128132,128132,128132,128132,128132,,0,,0.0,128000,131201,131201,131201,131201,131201,,0,,0.0,131072,140,140,140,140,140,,0,,0.0,138,88,88,88,88,88,,0,,0.0,88,1386,1386,1386,1386,1386,,0,,0.0,1383,3879,3879,3879,3879,3879,,0,,0.0,3854,94,94,94,94,94,,0,,0.0,93,517,517,517,517,517,,0,,0.0,515,-39,-39,,-39,-39,,0,,0.0,1,39,39,39,39,39,,0,,0.0,38,1870,1870,1870,1870,1870,,0,,0.0,1854,197,197,197,197,197,,0,,0.0,194,27774,27774,27774,27774,27774,,0,,0.0,27457,17144,17144,17144,17144,17144,,0,,0.0,16896
F8,1,100.0,146696,146696,146696,146696,146696,,0,,0.0,146688,90169,90169,90169,90169,90169,,0,,0.0,90112,106621,106621,106621,106621,106621,,0,,0.0,106496,104668,104668,104668,104668,104668,,0,,0.0,104448,105,105,105,105,105,,0,,0.0,103,56,56,56,56,56,,0,,0.0,55,1033,1033,1033,1033,1033,,0,,0.0,1032,2737,2737,2737,2737,2737,,0,,0.0,2706,-145,-145,,-145,-145,,0,,0.0,1,81,81,81,81,81,,0,,0.0,80,-151,-151,,-151,-151,,0,,0.0,1,322,322,322,322,322,,0,,0.0,320,841,841,841,841,841,,0,,0.0,839,51,51,51,51,51,,0,,0.0,50,9,9,9,9,9,,0,,0.0,9,16949,16949,16949,16949,16949,,0,,0.0,16896
F9,1,100.0,148463,148463,148463,148463,148463,,0,,0.0,148224,89213,89213,89213,89213,89213,,0,,0.0,89088,109061,109061,109061,109061,109061,,0,,0.0,109056,76709,76709,76709,76709,76709,,0,,0.0,76544,45,45,45,45,45,,0,,0.0,45,-18,-18,,-18,-18,,0,,0.0,1,521,521,521,521,521,,0,,0.0,515,1400,1400,1400,1400,1400,,0,,0.0,1383,-163,-163,,-163,-163,,0,,0.0,1,218,218,218,218,218,,0,,0.0,217,-83,-83,,-83,-83,,0,,0.0,1,367,367,367,367,367,,0,,0.0,362,337,337,337,337,337,,0,,0.0,332,228,228,228,228,228,,0,,0.0,228,2236,2236,2236,2236,2236,,0,,0.0,2226,16751,16751,16751,16751,16751,,0,,0.0,16640
F10,1,100.0,229227,229227,229227,229227,229227,,0,,0.0,229120,101760,101760,101760,101760,101760,,0,,0.0,101632,147628,147628,147628,147628,147628,,0,,0.0,147456,95432,95432,95432,95432,95432,,0,,0.0,95232,47,47,47,47,47,,0,,0.0,45,5065,5065,5065,5065,5065,,0,,0.0,5040,812,812,812,812,812,,0,,0.0,809,619,619,619,619,619,,0,,0.0,611,78,78,78,78,78,,0,,0.0,78,4481,4481,4481,4481,4481,,0,,0.0,4461,179,179,179,179,179,,0,,0.0,176,99,99,99,99,99,,0,,0.0,97,1931,1931,1931,1931,1931,,0,,0.0,1923,116,116,116,116,116,,0,,0.0,115,-1471,-1471,,-1471,-1471,,0,,0.0,1,16559,16559,16559,16559,16559,,0,,0.0,16384
F11,1,100.0,163722,163722,163722,163722,163722,,0,,0.0,163584,91030,91030,91030,91030,91030,,0,,0.0,90880,117870,117870,117870,117870,117870,,0,,0.0,117760,49869,49869,49869,49869,49869,,0,,0.0,49664,31,31,31,31,31,,0,,0.0,30,58,58,58,58,58,,0,,0.0,57,1089,1089,1089,1089,1089,,0,,0.0,1084,2144,2144,2144,2144,2144,,0,,0.0,2120,-42,-42,,-42,-42,,0,,0.0,1,34,34,34,34,34,,0,,0.0,34,-19,-19,,-19,-19,,0,,0.0,1,138,138,138,138,138,,0,,0.0,136,659,659,659,659,659,,0,,0.0,657,31,31,31,31,31,,0,,0.0,30,2965,2965,2965,2965,2965,,0,,0.0,2947,16366,16366,16366,16366,16366,,0,,0.0,16128
F12,1,100.0,205642,205642,205642,205642,205642,,0,,0.0,205568,94437,94437,94437,94437,94437,,0,,0.0,94208,142708,142708,142708,142708,142708,,0,,0.0,142592,59825,59825,59825,59825,59825,,0,,0.0,59648,55,55,55,55,55,,0,,0.0,55,-4,-4,,-4,-4,,0,,0.0,1,707,707,707,707,707,,0,,0.0,699,6047,6047,6047,6047,6047,,0,,0.0,5978,-118,-118,,-118,-118,,0,,0.0,1,395,395,395,395,395,,0,,0.0,394,147,147,147,147,147,,0,,0.0,147,22,22,22,22,22,,0,,0.0,21,358,358,358,358,358,,0,,0.0,353,108,108,108,108,108,,0,,0.0,107,25436,25436,25436,25436,25436,,0,,0.0,25210,16166,16166,16166,16166,16166,,0,,0.0,16128
G1,1,100.0,197682,197682,197681,197682,197682,,0,,0.0,197632,96052,96052,96052,96052,96052,,0,,0.0,96000,134878,134878,134878,134878,134878,,0,,0.0,134656,70900,70900,70900,70900,70900,,0,,0.0,70656,82,82,82,82,82,,0,,0.0,82,3372,3372,3372,3372,3372,,0,,0.0,3370,558,558,558,558,558,,0,,0.0,554,468,468,468,468,468,,0,,0.0,467,294,294,294,294,294,,0,,0.0,294,2652,2652,2652,2652,2652,,0,,0.0,2640,1451,1451,1451,1451,1451,,0,,0.0,1435,3,3,3,3,3,,0,,0.0,2,1884,1884,1884,1884,1884,,0,,0.0,1877,66,66,66,66,66,,0,,0.0,65,-607,-607,,-607,-607,,0,,0.0,1,18514,18514,18514,18514,18514,,0,,0.0,18432
G2,1,100.0,199677,199677,199677,199677,199677,,0,,0.0,199424,99826,99826,99826,99826,99826,,0,,0.0,99584,131088,131088,131088,131088,131088,,0,,0.0,131072,131975,131975,131975,131975,131975,,0,,0.0,131840,50,50,50,50,50,,0,,0.0,50,4930,4930,4930,4930,4930,,0,,0.0,4918,456,456,456,456,456,,0,,0.0,450,1418,1418,1418,1418,1418,,0,,0.0,1400,-163,-163,,-163,-163,,0,,0.0,1,5033,5033,5033,5033,5033,,0,,0.0,4979,209,209,209,209,209,,0,,0.0,206,-67,-67,,-67,-67,,0,,0.0,1,1946,1946,1946,1946,1946,,0,,0.0,1923,111,111,111,111,111,,0,,0.0,109,-1198,-1198,,-1198,-1198,,0,,0.0,1,18705,18705,18705,18705,18705,,0,,0.0,18688
G3,1,100.0,172812,172812,172812,172812,172812,,0,,0.0,172800,91838,91838,91838,91838,91838,,0,,0.0,91648,123320,123320,123320,123320,123320,,0,,0.0,123136,56367,56367,56367,56367,56367,,0,,0.0,56320,14,14,14,14,14,,0,,0.0,13,2345,2345,2345,2345,2345,,0,,0.0,2337,1114,1114,1114,1114,1114,,0,,0.0,1111,1348,1348,1348,1348,1348,,0,,0.0,1334,54,54,54,54,54,,0,,0.0,53,1794,1794,1794,1794,1794,,0,,0.0,1787,1033,1033,1033,1033,1033,,0,,0.0,1032,-50,-50,,-50,-50,,0,,0.0,1,941,941,941,941,941,,0,,0.0,936,104,104,104,104,104,,0,,0.0,103,1193,1193,1193,1193,1193,,0,,0.0,1181,18902,18902,18902,18902,18902,,0,,0.0,18688
G4,1,100.0,239788,239788,239788,239788,239788,,0,,0.0,239616,101385,101385,101385,101385,101385,,0,,0.0,101376,155001,155001,155001,155001,155001,,0,,0.0,154880,82441,82441,82441,82441,82441,,0,,0.0,82432,67,67,67,67,67,,0,,0.0,66,2090,2090,2090,2090,2090,,0,,0.0,2069,440,440,440,440,440,,0,,0.0,440,1995,1995,1995,1995,1995,,0,,0.0,1995,-412,-412,,-412,-412,,0,,0.0,1,2810,2810,2810,2810,2810,,0,,0.0,2806,93,93,93,93,93,,0,,0.0,92,-49,-49,,-49,-49,,0,,0.0,1,1018,1018,1018,1018,1018,,0,,0.0,1007,44,44,44,44,44,,0,,0.0,44,981,981,981,981,981,,0,,0.0,971,19099,19099,19099,19099,19099,,0,,0.0,18944
G5,1,100.0,166386,166386,166386,166386,166386,,0,,0.0,166144,90130,90130,90130,90130,90130,,0,,0.0,90112,120984,120984,120984,120984,120984,,0,,0.0,120832,88464,88464,88464,88464,88464,,0,,0.0,88320,141,141,141,141,141,,0,,0.0,140,22,22,22,22,22,,0,,0.0,21,506,506,506,506,506,,0,,0.0,503,2062,2062,2062,2062,2062,,0,,0.0,2044,-97,-97,,-97,-97,,0,,0.0,1,108,108,108,108,108,,0,,0.0,107,-27,-27,,-27,-27,,0,,0.0,1,280,280,280,280,280,,0,,0.0,280,833,833,833,833,833,,0,,0.0,829,39,39,39,39,39,,0,,0.0,39,2366,2366,2366,2366,2366,,0,,0.0,2366,19300,19300,19300,19300,19300,,0,,0.0,19200
G6,1,100.0,136712,136712,136711,136712,136712,,0,,0.0,136704,86568,86568,86568,86568,86568,,0,,0.0,86528,103497,103497,103497,103497,103497,,0,,0.0,103424,32249,32249,32249,32249,32249,,0,,0.0,32000,11,11,11,11,11,,0,,0.0,11,2624,2624,2624,2624,2624,,0,,0.0,2608,691,691,691,691,691,,0,,0.0,682,1319,1319,1319,1319,1319,,0,,0.0,1318,-167,-167,,-167,-167,,0,,0.0,1,434,434,434,434,434,,0,,0.0,429,1319,1319,1319,1319,1319,,0,,0.0,1318,47,47,47,47,47,,0,,0.0,47,468,468,468,468,468,,0,,0.0,462,4,4,4,4,4,,0,,0.0,3,-65,-65,,-65,-65,,0,,0.0,1,19497,19497,19497,19497,19497,,0,,0.0,19456
G7,1,100.0,166388,166388,166388,166388,166388,,0,,0.0,166144,93986,93986,93986,93986,93986,,0,,0.0,93952,116021,116021,116021,116021,116021,,0,,0.0,115968,93755,93755,93755,93755,93755,,0,,0.0,93696,97,97,97,97,97,,0,,0.0,97,64,64,64,64,64,,0,,0.0,64,1214,1214,1214,1214,1214,,0,,0.0,1210,3035,3035,3035,3035,3035,,0,,0.0,3020,206,206,206,206,206,,0,,0.0,204,164,164,164,164,164,,0,,0.0,162,389,389,389,389,389,,0,,0.0,384,20,20,20,20,20,,0,,0.0,19,636,636,636,636,636,,0,,0.0,634,120,120,120,120,120,,0,,0.0,119,4238,4238,4238,4238,4238,,0,,0.0,4197,19693,19693,19693,19693,19693,,0,,0.0,19456
G8,1,100.0,214935,214935,214935,214935,214935,,0,,0.0,214784,99143,99143,99143,99143,99143,,0,,0.0,99072,142077,142077,142077,142077,142077,,0,,0.0,141824,74972,74972,74972,74972,74972,,0,,0.0,74752,42,42,42,42,42,,0,,0.0,42,2750,2750,2750,2750,2750,,0,,0.0,2739,530,530,530,530,530,,0,,0.0,528,1871,1871,1871,1871,1871,,0,,0.0,1854,17,17,17,17,17,,0,,0.0,17,3796,3796,3796,3796,3796,,0,,0.0,3761,17,17,17,17,17,,0,,0.0,17,-23,-23,,-23,-23,,0,,0.0,1,1512,1512,1512,1512,1512,,0,,0.0,1507,58,58,58,58,58,,0,,0.0,57,-689,-689,,-689,-689,,0,,0.0,1,19892,19892,19892,19892,19892,,0,,0.0,19712
G9,1,100.0,164397,164397,164397,164397,164397,,0,,0.0,164352,90061,90061,90061,90061,90061,,0,,0.0,89856,119629,119629,119629,119629,119629,,0,,0.0,119552,60436,60436,60436,60436,60436,,0,,0.0,60416,20,20,20,20,20,,0,,0.0,19,1195,1195,1195,1195,1195,,0,,0.0,1181,212,212,212,212,212,,0,,0.0,209,2094,2094,2094,2094,2094,,0,,0.0,2069,-69,-69,,-69,-69,,0,,0.0,1,2157,2157,2157,2157,2157,,0,,0.0,2146,-5,-5,,-5,-5,,0,,0.0,1,-52,-52,,-52,-52,,0,,0.0,1,629,629,629,629,629,,0,,0.0,626,-32,-32,,-32,-32,,0,,0.0,1,168,168,168,168,168,,0,,0.0,168,20084,20084,20084,20084,20084,,0,,0.0,19968
G10,1,100.0,161396,161396,161396,161396,161396,,0,,0.0,161280,89670,89670,89670,89670,89670,,0,,0.0,89600,117957,117957,117957,117957,117957,,0,,0.0,117760,56870,56870,56870,56870,56870,,0,,0.0,56832,101,101,101,101,101,,0,,0.0,100,86,86,86,86,86,,0,,0.0,86,2212,2212,2212,2212,2212,,0,,0.0,2199,3705,3705,3705,3705,3705,,0,,0.0,3670,-74,-74,,-74,-74,,0,,0.0,1,115,115,115,115,115,,0,,0.0,115,79,79,79,79,79,,0,,0.0,78,272,272,272,272,272,,0,,0.0,270,859,859,859,859,859,,0,,0.0,849,115,115,115,115,115,,0,,0.0,115,3442,3442,3442,3442,3442,,0,,0.0,3411,20277,20277,20277,20277,20277,,0,,0.0,20224
G11,1,100.0,137181,137181,137181,137181,137181,,0,,0.0,136960,87567,87567,87567,87567,87567,,0,,0.0,87552,102668,102668,102668,102668,102668,,0,,0.0,102656,41145,41145,41145,41145,41145,,0,,0.0,40960,272,272,272,272,272,,0,,0.0,270,1232,1232,1232,1232,1232,,0,,0.0,1225,1014,1014,1014,1014,1014,,0,,0.0,1007,3659,3659,3659,3659,3659,,0,,0.0,3626,-709,-709,,-709,-709,,0,,0.0,1,258,258,258,258,258,,0,,0.0,257,829,829,829,829,829,,0,,0.0,829,9,9,9,9,9,,0,,0.0,8,491,491,491,491,491,,0,,0.0,491,17,17,17,17,17,,0,,0.0,16,505,505,505,505,505,,0,,0.0,503,20474,20474,20474,20474,20474,,0,,0.0,20224
G12,1,100.0,110907,110907,110907,110907,110907,,0,,0.0,110848,84238,84238,84238,84238,84238,,0,,0.0,84224,86284,86284,86284,86284,86284,,0,,0.0,86272,31797,31797,31797,31797,31797,,0,,0.0,31744,35,35,35,35,35,,0,,0.0,35,1525,1525,1525,1525,1525,,0,,0.0,1507,907,907,907,907,907,,0,,0.0,903,2731,2731,2731,2731,2731,,0,,0.0,2706,-273,-273,,-273,-273,,0,,0.0,1,111,111,111,111,111,,0,,0.0,109,504,504,504,504,504,,0,,0.0,503,58,58,58,58,58,,0,,0.0,57,1189,1189,1189,1189,1189,,0,,0.0,1181,8,8,8,8,8,,0,,0.0,8,356,356,356,356,356,,0,,0.0,353,20689,20689,20689,20689,20689,,0,,0.0,20480
H1,1,100.0,124792,124792,124792,124792,124792,,0,,0.0,124672,87786,87786,87786,87786,87786,,0,,0.0,87552,93163,93163,93163,93163,93163,,0,,0.0,92928,57921,57921,57921,57921,57921,,0,,0.0,57856,32,32,32,32,32,,0,,0.0,31,276,276,276,276,276,,0,,0.0,273,811,811,811,811,811,,0,,0.0,809,1727,1727,1727,1727,1727,,0,,0.0,1723,-172,-172,,-172,-172,,0,,0.0,1,-146,-146,,-146,-146,,0,,0.0,1,-119,-119,,-119,-119,,0,,0.0,1,530,530,530,530,530,,0,,0.0,528,1188,1188,1188,1188,1188,,0,,0.0,1181,18,18,18,18,18,,0,,0.0,18,1039,1039,1039,1039,1039,,0,,0.0,1032,23029,23029,23029,23029,23029,,0,,0.0,22784
H2,1,100.0,145320,145320,145320,145320,145320,,0,,0.0,145152,89059,89059,89059,89059,89059,,0,,0.0,88832,106937,106937,106937,106937,106937,,0,,0.0,106752,57382,57382,57382,57382,57382,,0,,0.0,57344,-3,-3,,-3,-3,,0,,0.0,1,2242,2242,2242,2242,2242,,0,,0.0,2226,222,222,222,222,222,,0,,0.0,219,1379,1379,1379,1379,1379,,0,,0.0,1367,8,8,8,8,8,,0,,0.0,8,2077,2077,2077,2077,2077,,0,,0.0,2069,121,121,121,121,121,,0,,0.0,121,-49,-49,,-49,-49,,0,,0.0,1,993,993,993,993,993,,0,,0.0,983,35,35,35,35,35,,0,,0.0,35,-110,-110,,-110,-110,,0,,0.0,1,22838,22838,22838,22838,22838,,0,,0.0,22784
H3,1,100.0,221775,221775,221775,221775,221775,,0,,0.0,221696,99386,99386,99386,99386,99386,,0,,0.0,99328,146240,146240,146240,146240,146240,,0,,0.0,146176,101678,101678,101678,101678,101678,,0,,0.0,101632,21,21,21,21,21,,0,,0.0,20,3678,3678,3678,3678,3678,,0,,0.0,3670,750,750,750,750,750,,0,,0.0,743,344,344,344,344,344,,0,,0.0,340,-210,-210,,-210,-210,,0,,0.0,1,3250,3250,3250,3250,3250,,0,,0.0,3249,316,316,316,316,316,,0,,0.0,312,-52,-52,,-52,-52,,0,,0.0,1,2353,2353,2353,2353,2353,,0,,0.0,2337,51,51,51,51,51,,0,,0.0,50,-1076,-1076,,-1076,-1076,,0,,0.0,1,22648,22648,22648,22648,22648,,0,,0.0,22528
H4,1,100.0,167065,167065,167064,167065,167065,,0,,0.0,166912,89385,89385,89385,89385,89385,,0,,0.0,89344,122489,122489,122489,122489,122489,,0,,0.0,122368,58588,58588,58588,58588,58588,,0,,0.0,58368,90,90,90,90,90,,0,,0.0,89,3366,3366,3366,3366,3366,,0,,0.0,3329,1434,1434,1434,1434,1434,,0,,0.0,1418,1260,1260,1260,1260,1260,,0,,0.0,1255,-322,-322,,-322,-322,,0,,0.0,1,34,34,34,34,34,,0,,0.0,34,1136,1136,1136,1136,1136,,0,,0.0,1124,-33,-33,,-33,-33,,0,,0.0,1,832,832,832,832,832,,0,,0.0,829,149,149,149,149,149,,0,,0.0,147,-1806,-1806,,-1806,-1806,,0,,0.0,1,22451,22451,22451,22451,22451,,0,,0.0,22272
H5,1,100.0,186184,186184,186184,186184,186184,,0,,0.0,186112,94763,94763,94763,94763,94763,,0,,0.0,94720,128760,128760,128760,128760,128760,,0,,0.0,128512,111982,111982,111982,111982,111982,,0,,0.0,111872,67,67,67,67,67,,0,,0.0,66,4,4,4,4,4,,0,,0.0,3,741,741,741,741,741,,0,,0.0,734,3780,3780,3780,3780,3780,,0,,0.0,3761,-72,-72,,-72,-72,,0,,0.0,1,145,145,145,145,145,,0,,0.0,143,-51,-51,,-51,-51,,0,,0.0,1,698,698,698,698,698,,0,,0.0,690,441,441,441,441,441,,0,,0.0,440,94,94,94,94,94,,0,,0.0,93,37609,37609,37609,37609,37609,,0,,0.0,37245,22256,22256,22256,22256,22256,,0,,0.0,22016
H6,1,100.0,195368,195368,195368,195368,195368,,0,,0.0,195328,94936,94936,94936,94936,94936,,0,,0.0,94720,134866,134866,134866,134866,134866,,0,,0.0,134656,101961,101961,101961,101961,101961,,0,,0.0,101888,78,78,78,78,78,,0,,0.0,78,9,9,9,9,9,,0,,0.0,9,1088,1088,1088,1088,1088,,0,,0.0,1084,1840,1840,1840,1840,1840,,0,,0.0,1831,67,67,67,67,67,,0,,0.0,66,163,163,163,163,163,,0,,0.0,162,48,48,48,48,48,,0,,0.0,48,1257,1257,1257,1257,1257,,0,,0.0,1255,398,398,398,398,398,,0,,0.0,394,147,147,147,147,147,,0,,0.0,147,96411,96411,96411,96411,96411,,0,,0.0,95260,22061,22061,22061,22061,22061,,0,,0.0,22016
H7,1,100.0,181881,181881,181881,181881,181881,,0,,0.0,181760,91489,91489,91489,91489,91489,,0,,0.0,91392,130286,130286,130286,130286,130286,,0,,0.0,130048,89290,89290,89290,89290,89290,,0,,0.0,89088,44,44,44,44,44,,0,,0.0,43,58,58,58,58,58,,0,,0.0,57,678,678,678,678,678,,0,,0.0,674,3780,3780,3780,3780,3780,,0,,0.0,3761,-377,-377,,-377,-377,,0,,0.0,1,-120,-120,,-120,-120,,0,,0.0,1,-99,-99,,-99,-99,,0,,0.0,1,393,393,393,393,393,,0,,0.0,389,338,338,338,338,338,,0,,0.0,336,51,51,51,51,51,,0,,0.0,50,4517,4517,4517,4517,4517,,0,,0.0,4516,21865,21865,21865,21865,21865,,0,,0.0,21760
H8,1,100.0,217825,217825,217825,217825,217825,,0,,0.0,217600,101455,101455,101455,101455,101455,,0,,0.0,101376,140706,140706,140706,140706,140706,,0,,0.0,140544,156788,156788,156788,156788,156788,,0,,0.0,156672,110,110,110,110,110,,0,,0.0,109,21,21,21,21,21,,0,,0.0,21,1315,1315,1315,1315,1315,,0,,0.0,1302,1422,1422,1422,1422,1422,,0,,0.0,1418,-195,-195,,-195,-195,,0,,0.0,1,411,411,411,411,411,,0,,0.0,409,-266,-266,,-266,-266,,0,,0.0,1,328,328,328,328,328,,0,,0.0,324,889,889,889,889,889,,0,,0.0,881,29,29,29,29,29,,0,,0.0,28,13945,13945,13945,13945,13945,,0,,0.0,13869,21673,21673,21673,21673,21673,,0,,0.0,21504
H9,1,100.0,171114,171114,171114,171114,171114,,0,,0.0,171008,92844,92844,92844,92844,92844,,0,,0.0,92672,120785,120785,120785,120785,120785,,0,,0.0,120576,74816,74816,74816,74816,74816,,0,,0.0,74752,86,86,86,86,86,,0,,0.0,85,25,25,25,25,25,,0,,0.0,25,580,580,580,580,580,,0,,0.0,575,2686,2686,2686,2686,2686,,0,,0.0,2673,330,330,330,330,330,,0,,0.0,328,95,95,95,95,95,,0,,0.0,95,4,4,4,4,4,,0,,0.0,3,299,299,299,299,299,,0,,0.0,298,366,366,366,366,366,,0,,0.0,362,97,97,97,97,97,,0,,0.0,96,3572,3572,3572,3572,3572,,0,,0.0,3538,21477,21477,21477,21477,21477,,0,,0.0,21248
H10,1,100.0,126414,126414,126414,126414,126414,,0,,0.0,126208,87756,87756,87756,87756,87756,,0,,0.0,87552,94405,94405,94405,94405,94405,,0,,0.0,94208,30704,30704,30704,30704,30704,,0,,0.0,30464,43,43,43,43,43,,0,,0.0,43,2294,2294,2294,2294,2294,,0,,0.0,2281,1784,1784,1784,1784,1784,,0,,0.0,1766,2890,2890,2890,2890,2890,,0,,0.0,2876,236,236,236,236,236,,0,,0.0,233,32,32,32,32,32,,0,,0.0,31,589,589,589,589,589,,0,,0.0,582,161,161,161,161,161,,0,,0.0,160,472,472,472,472,472,,0,,0.0,467,8,8,8,8,8,,0,,0.0,8,-1214,-1214,,-1214,-1214,,0,,0.0,1,21272,21272,21272,21272,21272,,0,,0.0,21248
H11,1,100.0,138905,138905,138905,138905,138905,,0,,0.0,138752,89363,89363,89363,89363,89363,,0,,0.0,89344,101869,101869,101869,101869,101869,,0,,0.0,101632,58168,58168,58168,58168,58168,,0,,0.0,58112,147,147,147,147,147,,0,,0.0,147,80,80,80,80,80,,0,,0.0,79,1131,1131,1131,1131,1131,,0,,0.0,1124,2042,2042,2042,2042,2042,,0,,0.0,2019,96,96,96,96,96,,0,,0.0,95,407,407,407,407,407,,0,,0.0,404,-33,-33,,-33,-33,,0,,0.0,1,237,237,237,237,237,,0,,0.0,236,1405,1405,1405,1405,1405,,0,,0.0,1400,126,126,126,126,126,,0,,0.0,125,3150,3150,3150,3150,3150,,0,,0.0,3132,21079,21079,21079,21079,21079,,0,,0.0,20992
H12,1,100.0,143833,143833,143833,143833,143833,,0,,0.0,143616,89600,89600,89600,89600,89600,,0,,0.0,89344,105204,105204,105204,105204,105204,,0,,0.0,104960,64875,64875,64875,64875,64875,,0,,0.0,64768,122,122,122,122,122,,0,,0.0,121,44,44,44,44,44,,0,,0.0,44,882,882,882,882,882,,0,,0.0,881,8100,8100,8100,8100,8100,,0,,0.0,8011,-611,-611,,-611,-611,,0,,0.0,1,20,20,20,20,20,,0,,0.0,20,-203,-203,,-203,-203,,0,,0.0,1,387,387,387,387,387,,0,,0.0,384,685,685,685,685,685,,0,,0.0,682,155,155,155,155,155,,0,,0.0,152,485,485,485,485,485,,0,,0.0,479,20889,20889,20889,20889,20889,,0,,0.0,20736

