Experiment Name,141020 Index sort for fluidigm 96X96
Specimen Name,Specimen_001
Tube Name,INX_141020 Plate #3_001
Record Date,Oct 20, 2014 9:28:30 PM
$OP, 
GUID,27a106a9-eba3-4309-863a-5066a2c91b35 
Date Analyzed,10/28/2014 14:17

Sort Type,Index Sort
Sort Setup,85 micron
Precision ,Single Cell
Device,96 Well - Falcon
Yield Mask,0
Purity Mask,32
Phase Mask,16
Well,P5 #Events,P5 %Parent,P5 FSC-A Min,P5 FSC-A Max,P5 FSC-A Geo Mean,P5 FSC-A Mean,P5 FSC-A Median,P5 FSC-A SD,P5 FSC-A rSD,P5 FSC-A %CV,P5 FSC-A %rCV,P5 FSC-A Mode,P5 FSC-W Min,P5 FSC-W Max,P5 FSC-W Geo Mean,P5 FSC-W Mean,P5 FSC-W Median,P5 FSC-W SD,P5 FSC-W rSD,P5 FSC-W %CV,P5 FSC-W %rCV,P5 FSC-W Mode,P5 FSC-H Min,P5 FSC-H Max,P5 FSC-H Geo Mean,P5 FSC-H Mean,P5 FSC-H Median,P5 FSC-H SD,P5 FSC-H rSD,P5 FSC-H %CV,P5 FSC-H %rCV,P5 FSC-H Mode,P5 SSC-A Min,P5 SSC-A Max,P5 SSC-A Geo Mean,P5 SSC-A Mean,P5 SSC-A Median,P5 SSC-A SD,P5 SSC-A rSD,P5 SSC-A %CV,P5 SSC-A %rCV,P5 SSC-A Mode,P5 CD41 Alexa Fluor 488-A Min,P5 CD41 Alexa Fluor 488-A Max,P5 CD41 Alexa Fluor 488-A Geo Mean,P5 CD41 Alexa Fluor 488-A Mean,P5 CD41 Alexa Fluor 488-A Median,P5 CD41 Alexa Fluor 488-A SD,P5 CD41 Alexa Fluor 488-A rSD,P5 CD41 Alexa Fluor 488-A %CV,P5 CD41 Alexa Fluor 488-A %rCV,P5 CD41 Alexa Fluor 488-A Mode,P5 CD55 PE-A Min,P5 CD55 PE-A Max,P5 CD55 PE-A Geo Mean,P5 CD55 PE-A Mean,P5 CD55 PE-A Median,P5 CD55 PE-A SD,P5 CD55 PE-A rSD,P5 CD55 PE-A %CV,P5 CD55 PE-A %rCV,P5 CD55 PE-A Mode,P5 CD45-2 PE-Texas Red-A Min,P5 CD45-2 PE-Texas Red-A Max,P5 CD45-2 PE-Texas Red-A Geo Mean,P5 CD45-2 PE-Texas Red-A Mean,P5 CD45-2 PE-Texas Red-A Median,P5 CD45-2 PE-Texas Red-A SD,P5 CD45-2 PE-Texas Red-A rSD,P5 CD45-2 PE-Texas Red-A %CV,P5 CD45-2 PE-Texas Red-A %rCV,P5 CD45-2 PE-Texas Red-A Mode,P5 Lineage PE-Cy5-A Min,P5 Lineage PE-Cy5-A Max,P5 Lineage PE-Cy5-A Geo Mean,P5 Lineage PE-Cy5-A Mean,P5 Lineage PE-Cy5-A Median,P5 Lineage PE-Cy5-A SD,P5 Lineage PE-Cy5-A rSD,P5 Lineage PE-Cy5-A %CV,P5 Lineage PE-Cy5-A %rCV,P5 Lineage PE-Cy5-A Mode,P5 PI PerCP-Cy5-5-A Min,P5 PI PerCP-Cy5-5-A Max,P5 PI PerCP-Cy5-5-A Geo Mean,P5 PI PerCP-Cy5-5-A Mean,P5 PI PerCP-Cy5-5-A Median,P5 PI PerCP-Cy5-5-A SD,P5 PI PerCP-Cy5-5-A rSD,P5 PI PerCP-Cy5-5-A %CV,P5 PI PerCP-Cy5-5-A %rCV,P5 PI PerCP-Cy5-5-A Mode,P5 CD105 PE-Cy7-A Min,P5 CD105 PE-Cy7-A Max,P5 CD105 PE-Cy7-A Geo Mean,P5 CD105 PE-Cy7-A Mean,P5 CD105 PE-Cy7-A Median,P5 CD105 PE-Cy7-A SD,P5 CD105 PE-Cy7-A rSD,P5 CD105 PE-Cy7-A %CV,P5 CD105 PE-Cy7-A %rCV,P5 CD105 PE-Cy7-A Mode,P5 CD150 APC-A Min,P5 CD150 APC-A Max,P5 CD150 APC-A Geo Mean,P5 CD150 APC-A Mean,P5 CD150 APC-A Median,P5 CD150 APC-A SD,P5 CD150 APC-A rSD,P5 CD150 APC-A %CV,P5 CD150 APC-A %rCV,P5 CD150 APC-A Mode,P5 FcgR Alexa Fluor 700-A Min,P5 FcgR Alexa Fluor 700-A Max,P5 FcgR Alexa Fluor 700-A Geo Mean,P5 FcgR Alexa Fluor 700-A Mean,P5 FcgR Alexa Fluor 700-A Median,P5 FcgR Alexa Fluor 700-A SD,P5 FcgR Alexa Fluor 700-A rSD,P5 FcgR Alexa Fluor 700-A %CV,P5 FcgR Alexa Fluor 700-A %rCV,P5 FcgR Alexa Fluor 700-A Mode,P5 cKit APC-Cy7-A Min,P5 cKit APC-Cy7-A Max,P5 cKit APC-Cy7-A Geo Mean,P5 cKit APC-Cy7-A Mean,P5 cKit APC-Cy7-A Median,P5 cKit APC-Cy7-A SD,P5 cKit APC-Cy7-A rSD,P5 cKit APC-Cy7-A %CV,P5 cKit APC-Cy7-A %rCV,P5 cKit APC-Cy7-A Mode,P5 Sca1 DAPI-A Min,P5 Sca1 DAPI-A Max,P5 Sca1 DAPI-A Geo Mean,P5 Sca1 DAPI-A Mean,P5 Sca1 DAPI-A Median,P5 Sca1 DAPI-A SD,P5 Sca1 DAPI-A rSD,P5 Sca1 DAPI-A %CV,P5 Sca1 DAPI-A %rCV,P5 Sca1 DAPI-A Mode,P5 CD115 BV605 Qdot 605-A Min,P5 CD115 BV605 Qdot 605-A Max,P5 CD115 BV605 Qdot 605-A Geo Mean,P5 CD115 BV605 Qdot 605-A Mean,P5 CD115 BV605 Qdot 605-A Median,P5 CD115 BV605 Qdot 605-A SD,P5 CD115 BV605 Qdot 605-A rSD,P5 CD115 BV605 Qdot 605-A %CV,P5 CD115 BV605 Qdot 605-A %rCV,P5 CD115 BV605 Qdot 605-A Mode,P5 Time Min,P5 Time Max,P5 Time Geo Mean,P5 Time Mean,P5 Time Median,P5 Time SD,P5 Time rSD,P5 Time %CV,P5 Time %rCV,P5 Time Mode
A1,1,100.0,209751,209751,209751,209751,209751,,0,,0.0,209664,97811,97811,97811,97811,97811,,0,,0.0,97792,140539,140539,140539,140539,140539,,0,,0.0,140288,129014,129014,129014,129014,129014,,0,,0.0,128768,85,85,85,85,85,,0,,0.0,85,14,14,14,14,14,,0,,0.0,14,692,692,692,692,692,,0,,0.0,690,4155,4155,4155,4155,4155,,0,,0.0,4146,-261,-261,,-261,-261,,0,,0.0,1,191,191,191,191,191,,0,,0.0,189,17,17,17,17,17,,0,,0.0,16,888,888,888,888,888,,0,,0.0,881,414,414,414,414,414,,0,,0.0,414,173,173,173,173,173,,0,,0.0,172,29548,29548,29548,29548,29548,,0,,0.0,29541,1785,1785,1785,1785,1785,,0,,0.0,1536
A2,1,100.0,204834,204834,204834,204834,204834,,0,,0.0,204800,96600,96600,96600,96600,96600,,0,,0.0,96512,138965,138965,138965,138965,138965,,0,,0.0,138752,101361,101361,101361,101361,101361,,0,,0.0,101120,119,119,119,119,119,,0,,0.0,118,27,27,27,27,27,,0,,0.0,26,897,897,897,897,897,,0,,0.0,892,1425,1425,1425,1425,1425,,0,,0.0,1418,8,8,8,8,8,,0,,0.0,7,165,165,165,165,165,,0,,0.0,164,85,85,85,85,85,,0,,0.0,85,457,457,457,457,457,,0,,0.0,456,519,519,519,519,519,,0,,0.0,515,141,141,141,141,141,,0,,0.0,140,50897,50897,50897,50897,50897,,0,,0.0,50522,1894,1894,1894,1894,1894,,0,,0.0,1792
A3,1,100.0,184108,184108,184108,184108,184108,,0,,0.0,184064,94273,94273,94273,94273,94273,,0,,0.0,94208,127987,127987,127987,127987,127987,,0,,0.0,127744,84098,84098,84098,84098,84098,,0,,0.0,83968,72,72,72,72,72,,0,,0.0,71,128,128,128,128,128,,0,,0.0,127,1518,1518,1518,1518,1518,,0,,0.0,1507,3873,3873,3873,3873,3873,,0,,0.0,3854,67,67,67,67,67,,0,,0.0,66,589,589,589,589,589,,0,,0.0,582,-112,-112,,-112,-112,,0,,0.0,1,30,30,30,30,30,,0,,0.0,29,1247,1247,1247,1247,1247,,0,,0.0,1240,156,156,156,156,156,,0,,0.0,156,-755,-755,,-755,-755,,0,,0.0,1,2138,2138,2138,2138,2138,,0,,0.0,2048
A4,1,100.0,208824,208824,208824,208824,208824,,0,,0.0,208640,97945,97945,97945,97945,97945,,0,,0.0,97792,139727,139727,139727,139727,139727,,0,,0.0,139520,130490,130490,130490,130490,130490,,0,,0.0,130304,79,79,79,79,79,,0,,0.0,79,80,80,80,80,80,,0,,0.0,79,1645,1645,1645,1645,1645,,0,,0.0,1641,7224,7224,7224,7224,7224,,0,,0.0,7178,-168,-168,,-168,-168,,0,,0.0,1,235,235,235,235,235,,0,,0.0,233,-212,-212,,-212,-212,,0,,0.0,1,385,385,385,385,385,,0,,0.0,384,556,556,556,556,556,,0,,0.0,554,146,146,146,146,146,,0,,0.0,145,1346,1346,1346,1346,1346,,0,,0.0,1334,2337,2337,2337,2337,2337,,0,,0.0,2304
A5,1,100.0,151918,151918,151918,151918,151918,,0,,0.0,151808,92812,92812,92812,92812,92812,,0,,0.0,92672,107272,107272,107272,107272,107272,,0,,0.0,107264,62253,62253,62253,62253,62253,,0,,0.0,62208,98,98,98,98,98,,0,,0.0,97,2869,2869,2869,2869,2869,,0,,0.0,2841,1975,1975,1975,1975,1975,,0,,0.0,1970,3137,3137,3137,3137,3137,,0,,0.0,3132,-536,-536,,-536,-536,,0,,0.0,1,-14,-14,,-14,-14,,0,,0.0,1,331,331,331,331,331,,0,,0.0,328,72,72,72,72,72,,0,,0.0,71,706,706,706,706,706,,0,,0.0,699,127,127,127,127,127,,0,,0.0,127,738,738,738,738,738,,0,,0.0,734,2529,2529,2528,2529,2529,,0,,0.0,2304
A6,1,100.0,199708,199708,199708,199708,199708,,0,,0.0,199680,94482,94482,94482,94482,94482,,0,,0.0,94464,138524,138524,138524,138524,138524,,0,,0.0,138496,119131,119131,119131,119131,119131,,0,,0.0,119040,137,137,137,137,137,,0,,0.0,135,105,105,105,105,105,,0,,0.0,103,1736,1736,1736,1736,1736,,0,,0.0,1723,6103,6103,6103,6103,6103,,0,,0.0,6051,-450,-450,,-450,-450,,0,,0.0,1,-115,-115,,-115,-115,,0,,0.0,1,-249,-249,,-249,-249,,0,,0.0,1,356,356,356,356,356,,0,,0.0,353,575,575,575,575,575,,0,,0.0,575,103,103,103,103,103,,0,,0.0,102,8184,8184,8184,8184,8184,,0,,0.0,8109,2722,2722,2722,2722,2722,,0,,0.0,2560
A7,1,100.0,140094,140094,140094,140094,140094,,0,,0.0,140032,88602,88602,88602,88602,88602,,0,,0.0,88576,103623,103623,103623,103623,103623,,0,,0.0,103424,34265,34265,34265,34265,34265,,0,,0.0,34048,32,32,32,32,32,,0,,0.0,32,1631,1631,1631,1631,1631,,0,,0.0,1621,1143,1143,1143,1143,1143,,0,,0.0,1138,1869,1869,1869,1869,1869,,0,,0.0,1854,102,102,102,102,102,,0,,0.0,102,219,219,219,219,219,,0,,0.0,217,358,358,358,358,358,,0,,0.0,357,120,120,120,120,120,,0,,0.0,119,842,842,842,842,842,,0,,0.0,839,2,2,2,2,2,,0,,0.0,1,667,667,667,667,667,,0,,0.0,666,2919,2919,2919,2919,2919,,0,,0.0,2816
A8,1,100.0,192680,192680,192680,192680,192680,,0,,0.0,192512,95149,95149,95149,95149,95149,,0,,0.0,94976,132713,132713,132713,132713,132713,,0,,0.0,132608,50023,50023,50023,50023,50023,,0,,0.0,49920,40,40,40,40,40,,0,,0.0,40,2291,2291,2291,2291,2291,,0,,0.0,2281,193,193,193,193,193,,0,,0.0,192,392,392,392,392,392,,0,,0.0,389,-17,-17,,-17,-17,,0,,0.0,1,3144,3144,3144,3144,3144,,0,,0.0,3132,30,30,30,30,30,,0,,0.0,30,-75,-75,,-75,-75,,0,,0.0,1,2007,2007,2007,2007,2007,,0,,0.0,1995,15,15,15,15,15,,0,,0.0,14,-150,-150,,-150,-150,,0,,0.0,1,3110,3110,3110,3110,3110,,0,,0.0,3072
A9,1,100.0,142478,142478,142478,142478,142478,,0,,0.0,142336,88820,88820,88820,88820,88820,,0,,0.0,88576,105128,105128,105128,105128,105128,,0,,0.0,104960,61666,61666,61666,61666,61666,,0,,0.0,61440,92,92,92,92,92,,0,,0.0,91,1484,1484,1484,1484,1484,,0,,0.0,1470,1518,1518,1518,1518,1518,,0,,0.0,1507,895,895,895,895,895,,0,,0.0,892,-90,-90,,-90,-90,,0,,0.0,1,272,272,272,272,272,,0,,0.0,270,347,347,347,347,347,,0,,0.0,344,43,43,43,43,43,,0,,0.0,42,779,779,779,779,779,,0,,0.0,770,-3,-3,,-3,-3,,0,,0.0,1,202,202,202,202,202,,0,,0.0,201,3307,3307,3307,3307,3307,,0,,0.0,3072
A10,1,100.0,197621,197621,197621,197621,197621,,0,,0.0,197376,94917,94917,94917,94917,94917,,0,,0.0,94720,136448,136448,136448,136448,136448,,0,,0.0,136448,74198,74198,74198,74198,74198,,0,,0.0,73984,50,50,50,50,50,,0,,0.0,49,2824,2824,2824,2824,2824,,0,,0.0,2806,946,946,946,946,946,,0,,0.0,936,2748,2748,2748,2748,2748,,0,,0.0,2739,-239,-239,,-239,-239,,0,,0.0,1,2777,2777,2777,2777,2777,,0,,0.0,2772,305,305,305,305,305,,0,,0.0,305,-46,-46,,-46,-46,,0,,0.0,1,1357,1357,1357,1357,1357,,0,,0.0,1350,8,8,8,8,8,,0,,0.0,8,3704,3704,3704,3704,3704,,0,,0.0,3670,3504,3504,3504,3504,3504,,0,,0.0,3328
A11,1,100.0,201238,201238,201238,201238,201238,,0,,0.0,201216,95772,95772,95772,95772,95772,,0,,0.0,95744,137705,137705,137705,137705,137705,,0,,0.0,137472,116949,116949,116949,116949,116949,,0,,0.0,116736,85,85,85,85,85,,0,,0.0,84,-6,-6,,-6,-6,,0,,0.0,1,937,937,937,937,937,,0,,0.0,936,2731,2731,2731,2731,2731,,0,,0.0,2706,20,20,20,20,20,,0,,0.0,19,253,253,253,253,253,,0,,0.0,251,200,200,200,200,200,,0,,0.0,199,544,544,544,544,544,,0,,0.0,541,706,706,706,706,706,,0,,0.0,699,54,54,54,54,54,,0,,0.0,54,26921,26921,26921,26921,26921,,0,,0.0,26795,3697,3697,3697,3697,3697,,0,,0.0,3584
A12,1,100.0,160742,160742,160742,160742,160742,,0,,0.0,160512,91953,91953,91953,91953,91953,,0,,0.0,91904,114562,114562,114562,114562,114562,,0,,0.0,114432,131596,131596,131596,131596,131596,,0,,0.0,131584,113,113,113,113,113,,0,,0.0,111,33,33,33,33,33,,0,,0.0,33,984,984,984,984,984,,0,,0.0,983,2342,2342,2342,2342,2342,,0,,0.0,2337,-1,-1,,-1,-1,,0,,0.0,1,280,280,280,280,280,,0,,0.0,277,90,90,90,90,90,,0,,0.0,89,1282,1282,1282,1282,1282,,0,,0.0,1270,518,518,518,518,518,,0,,0.0,515,55,55,55,55,55,,0,,0.0,54,19559,19559,19559,19559,19559,,0,,0.0,19514,3894,3894,3894,3894,3894,,0,,0.0,3840
B1,1,100.0,153883,153883,153883,153883,153883,,0,,0.0,153856,88256,88256,88256,88256,88256,,0,,0.0,88064,114268,114268,114268,114268,114268,,0,,0.0,114176,74327,74327,74327,74327,74327,,0,,0.0,74240,24,24,24,24,24,,0,,0.0,23,4775,4775,4775,4775,4775,,0,,0.0,4742,1077,1077,1077,1077,1077,,0,,0.0,1071,3072,3072,3072,3072,3072,,0,,0.0,3057,-12,-12,,-12,-12,,0,,0.0,1,1412,1412,1412,1412,1412,,0,,0.0,1400,1217,1217,1217,1217,1217,,0,,0.0,1210,-70,-70,,-70,-70,,0,,0.0,1,1646,1646,1646,1646,1646,,0,,0.0,1641,104,104,104,104,104,,0,,0.0,103,-129,-129,,-129,-129,,0,,0.0,1,6284,6284,6284,6284,6284,,0,,0.0,6144
B2,1,100.0,142872,142872,142872,142872,142872,,0,,0.0,142848,88590,88590,88590,88590,88590,,0,,0.0,88576,105692,105692,105692,105692,105692,,0,,0.0,105472,40123,40123,40123,40123,40123,,0,,0.0,39936,23,23,23,23,23,,0,,0.0,23,1967,1967,1967,1967,1967,,0,,0.0,1947,593,593,593,593,593,,0,,0.0,589,858,858,858,858,858,,0,,0.0,849,-160,-160,,-160,-160,,0,,0.0,1,282,282,282,282,282,,0,,0.0,280,1201,1201,1201,1201,1201,,0,,0.0,1195,41,41,41,41,41,,0,,0.0,41,734,734,734,734,734,,0,,0.0,734,10,10,10,10,10,,0,,0.0,9,-265,-265,,-265,-265,,0,,0.0,1,6084,6084,6084,6084,6084,,0,,0.0,5888
B3,1,100.0,170142,170142,170142,170142,170142,,0,,0.0,169984,95502,95502,95502,95502,95502,,0,,0.0,95488,116756,116756,116756,116756,116756,,0,,0.0,116736,90833,90833,90833,90833,90833,,0,,0.0,90624,32,32,32,32,32,,0,,0.0,32.0,97,97,97,97,97,,0,,0.0,97,671,671,671,671,671,,0,,0.0,666,1142,1142,1142,1142,1142,,0,,0.0,1138,-82,-82,,-82,-82,,0,,0.0,1,166,166,166,166,166,,0,,0.0,166,-57,-57,,-57,-57,,0,,0.0,1,377,377,377,377,377,,0,,0.0,375,402,402,402,402,402,,0,,0.0,399,156,156,156,156,156,,0,,0.0,156,17540,17540,17540,17540,17540,,0,,0.0,17485,5884,5884,5884,5884,5884,,0,,0.0,5632
B4,1,100.0,192303,192303,192303,192303,192303,,0,,0.0,192256,93634,93634,93634,93634,93634,,0,,0.0,93440,134597,134597,134597,134597,134597,,0,,0.0,134400,111060,111060,111060,111060,111060,,0,,0.0,110848,63,63,63,63,63,,0,,0.0,62,24,24,24,24,24,,0,,0.0,24,676,676,676,676,676,,0,,0.0,674,2063,2063,2063,2063,2063,,0,,0.0,2044,59,59,59,59,59,,0,,0.0,57,277,277,277,277,277,,0,,0.0,273,-74,-74,,-74,-74,,0,,0.0,1,397,397,397,397,397,,0,,0.0,394,673,673,673,673,673,,0,,0.0,666,116,116,116,116,116,,0,,0.0,115,77675,77675,77675,77675,77675,,0,,0.0,77422,5691,5691,5691,5691,5691,,0,,0.0,5632
B5,1,100.0,175486,175486,175486,175486,175486,,0,,0.0,175360,95028,95028,95028,95028,95028,,0,,0.0,94976,121024,121024,121024,121024,121024,,0,,0.0,120832,143020,143020,143020,143020,143020,,0,,0.0,142848,61,61,61,61,61,,0,,0.0,59,158,158,158,158,158,,0,,0.0,158,943,943,943,943,943,,0,,0.0,936,7220,7220,7220,7220,7220,,0,,0.0,7178,-37,-37,,-37,-37,,0,,0.0,1,41,41,41,41,41,,0,,0.0,41,93,93,93,93,93,,0,,0.0,91,369,369,369,369,369,,0,,0.0,366,556,556,556,556,556,,0,,0.0,554,115,115,115,115,115,,0,,0.0,114,1414,1414,1414,1414,1414,,0,,0.0,1400,5493,5493,5493,5493,5493,,0,,0.0,5376
B6,1,100.0,156164,156164,156164,156164,156164,,0,,0.0,156160,89555,89555,89555,89555,89555,,0,,0.0,89344,114280,114280,114280,114280,114280,,0,,0.0,114176,51532,51532,51532,51532,51532,,0,,0.0,51456,61,61,61,61,61,,0,,0.0,59,2868,2868,2868,2868,2868,,0,,0.0,2841,1919,1919,1919,1919,1919,,0,,0.0,1900,2488,2488,2488,2488,2488,,0,,0.0,2484,-335,-335,,-335,-335,,0,,0.0,1,454,454,454,454,454,,0,,0.0,450,614,614,614,614,614,,0,,0.0,611,263,263,263,263,263,,0,,0,260,835,835,835,835,835,,0,,0.0,829,29,29,29,29,29,,0,,0.0,28,700,700,700,700,700,,0,,0.0,699,5294,5294,5294,5294,5294,,0,,0.0,5120
B7,1,100.0,181268,181268,181268,181268,181268,,0,,0.0,181248,92623,92623,92623,92623,92623,,0,,0.0,92416,128257,128257,128257,128257,128257,,0,,0.0,128256,48308,48308,48308,48308,48308,,0,,0.0,48128,43,43,43,43,43,,0,,0.0,43,1141,1141,1141,1141,1141,,0,,0.0,1138,563,563,563,563,563,,0,,0.0,561,444,444,444,444,444,,0,,0.0,440,-8,-8,,-8,-8,,0,,0.0,1,997,997,997,997,997,,0,,0.0,995,55,55,55,55,55,,0,,0.0,55,62,62,62,62,62,,0,,0.0,61,716,716,716,716,716,,0,,0.0,707,56,56,56,56,56,,0,,0.0,55,-218,-218,,-218,-218,,0,,0.0,1,5100,5100,5100,5100,5100,,0,,0.0,4864
B8,1,100.0,211688,211688,211688,211688,211688,,0,,0.0,211456,96918,96918,96918,96918,96918,,0,,0.0,96768,143144,143144,143144,143144,143144,,0,,0.0,143104,132045,132045,132045,132045,132045,,0,,0.0,131840,106,106,106,106,106,,0,,0.0,104,-15,-15,,-15,-15,,0,,0.0,1,675,675,675,675,675,,0,,0.0,674,3757,3757,3757,3757,3757,,0,,0.0,3715,-89,-89,,-89,-89,,0,,0.0,1,114,114,114,114,114,,0,,0.0,114,161,161,161,161,161,,0,,0.0,160,237,237,237,237,237,,0,,0.0,233,427,427,427,427,427,,0,,0.0,424,122,122,122,122,122,,0,,0.0,121,98231,98231,98231,98231,98231,,0,,0.0,97612,4901,4901,4901,4901,4901,,0,,0.0,4864
B9,1,100.0,184103,184103,184103,184103,184103,,0,,0.0,184064,94446,94446,94446,94446,94446,,0,,0.0,94208,127749,127749,127749,127749,127749,,0,,0.0,127744,83038,83038,83038,83038,83038,,0,,0.0,82944,61,61,61,61,61,,0,,0.0,61,-12,-12,,-12,-12,,0,,0.0,1,745,745,745,745,745,,0,,0.0,743,4971,4971,4971,4971,4971,,0,,0.0,4918,-131,-131,,-131,-131,,0,,0.0,1,16,16,16,16,16,,0,,0.0,16,56,56,56,56,56,,0,,0.0,55,572,572,572,572,572,,0,,0.0,568,347,347,347,347,347,,0,,0.0,344,41,41,41,41,41,,0,,0.0,41,15326,15326,15326,15326,15326,,0,,0.0,15290,4702,4702,4702,4702,4702,,0,,0.0,4608
B10,1,100.0,175857,175857,175857,175857,175857,,0,,0.0,175616,93243,93243,93242,93243,93243,,0,,0.0,93184,123602,123602,123602,123602,123602,,0,,0.0,123392,76991,76991,76990,76991,76991,,0,,0.0,76800,30,30,30,30,30,,0,,0.0,29,3182,3182,3182,3182,3182,,0,,0.0,3170,551,551,551,551,551,,0,,0.0,548,2529,2529,2529,2529,2529,,0,,0.0,2515,-142,-142,,-142,-142,,0,,0.0,1,3299,3299,3299,3299,3299,,0,,0.0,3289,215,215,215,215,215,,0,,0.0,214,-135,-135,,-135,-135,,0,,0.0,1,1187,1187,1187,1187,1187,,0,,0.0,1181,72,72,72,72,72,,0,,0.0,71,-1187,-1187,,-1187,-1187,,0,,0.0,1,4489,4489,4489,4489,4489,,0,,0.0,4352
B11,1,100.0,204258,204258,204258,204258,204258,,0,,0.0,204032,96759,96759,96759,96759,96759,,0,,0.0,96512,138346,138346,138346,138346,138346,,0,,0.0,138240,52427,52427,52427,52427,52427,,0,,0.0,52224,22,22,22,22,22,,0,,0.0,21,1903,1903,1903,1903,1903,,0,,0.0,1900,626,626,626,626,626,,0,,0.0,619,1159,1159,1159,1159,1159,,0,,0.0,1152,-94,-94,,-94,-94,,0,,0.0,1,1713,1713,1713,1713,1713,,0,,0.0,1702,275,275,275,275,275,,0,,0.0,273,38,38,38,38,38,,0,,0.0,38,924,924,924,924,924,,0,,0.0,914,64,64,64,64,64,,0,,0.0,64,103,103,103,103,103,,0,,0.0,102,4290,4290,4290,4290,4290,,0,,0.0,4096
B12,1,100.0,218784,218784,218784,218784,218784,,0,,0.0,218624,97406,97406,97406,97406,97406,,0,,0.0,97280,147201,147201,147201,147201,147201,,0,,0.0,147200,77839,77839,77839,77839,77839,,0,,0.0,77824,278,278,278,278,278,,0,,0.0,277,858,858,858,858,858,,0,,0.0,849,1624,1624,1624,1624,1624,,0,,0.0,1621,4418,4418,4418,4418,4418,,0,,0.0,4407,-384,-384,,-384,-384,,0,,0.0,1,50,50,50,50,50,,0,,0.0,49,244,244,244,244,244,,0,,0.0,242,103,103,103,103,103,,0,,0.0,102,564,564,564,564,564,,0,,0.0,561,127,127,127,127,127,,0,,0.0,125,998,998,998,998,998,,0,,0.0,995,4091,4091,4091,4091,4091,,0,,0.0,3840
C1,1,100.0,196865,196865,196865,196865,196865,,0,,0.0,196864,100499,100499,100499,100499,100499,,0,,0.0,100352,128377,128377,128377,128377,128377,,0,,0.0,128256,122104,122104,122104,122104,122104,,0,,0.0,121856,85,85,85,85,85,,0,,0.0,84,-6,-6,,-6,-6,,0,,0.0,1,1104,1104,1104,1104,1104,,0,,0.0,1097,889,889,889,889,889,,0,,0.0,881,-50,-50,,-50,-50,,0,,0.0,1,150,150,150,150,150,,0,,0.0,148,11,11,11,11,11,,0,,0.0,11,327,327,327,327,327,,0,,0.0,324,872,872,872,872,872,,0,,0.0,870,1,1,1,1,1,,0,,0.0,1,30429,30429,30429,30429,30429,,0,,0.0,30271,6499,6499,6499,6499,6499,,0,,0.0,6400
C2,1,100.0,163507,163507,163507,163507,163507,,0,,0.0,163328,92993,92993,92993,92993,92993,,0,,0.0,92928,115230,115230,115230,115230,115230,,0,,0.0,115200,98240,98240,98240,98240,98240,,0,,0.0,98048,148,148,148,148,148,,0,,0.0,147,56,56,56,56,56,,0,,0.0,55,885,885,885,885,885,,0,,0.0,881,4454,4454,4454,4454,4454,,0,,0.0,4407,-225,-225,,-225,-225,,0,,0.0,1,30,30,30,30,30,,0,,0.0,29,-167,-167,,-167,-167,,0,,0.0,1,222,222,222,222,222,,0,,0.0,219,768,768,768,768,768,,0,,0.0,761,154,154,154,154,154,,0,,0.0,152,473,473,473,473,473,,0,,0.0,467,6696,6696,6696,6696,6696,,0,,0.0,6656
C3,1,100.0,223540,223540,223540,223540,223540,,0,,0.0,223488,96614,96614,96614,96614,96614,,0,,0.0,96512,151633,151633,151633,151633,151633,,0,,0.0,151552,79276,79276,79276,79276,79276,,0,,0.0,79104,28,28,28,28,28,,0,,0.0,27,3342,3342,3342,3342,3342,,0,,0.0,3329,497,497,497,497,497,,0,,0.0,497,1736,1736,1736,1736,1736,,0,,0.0,1723,77,77,77,77,77,,0,,0.0,77,2799,2799,2799,2799,2799,,0,,0.0,2772,-259,-259,,-259,-259,,0,,0.0,1,96,96,96,96,96,,0,,0.0,95,1341,1341,1341,1341,1341,,0,,0.0,1334,-9,-9,,-9,-9,,0,,0.0,1,-1609,-1609,,-1609,-1609,,0,,0.0,1,6887,6887,6887,6887,6887,,0,,0.0,6656
C4,1,100.0,199813,199813,199813,199813,199813,,0,,0.0,199680,97648,97648,97648,97648,97648,,0,,0.0,97536,134104,134104,134104,134104,134104,,0,,0.0,133888,137105,137105,137105,137105,137105,,0,,0.0,136960,146,146,146,146,146,,0,,0.0,145,44,44,44,44,44,,0,,0.0,44,832,832,832,832,832,,0,,0.0,829,5359,5359,5359,5359,5359,,0,,0.0,5357,38,38,38,38,38,,0,,0.0,37,-151,-151,,-151,-151,,0,,0.0,1,-41,-41,,-41,-41,,0,,0.0,1,1012,1012,1012,1012,1012,,0,,0.0,1007,388,388,388,388,388,,0,,0.0,384,84,84,84,84,84,,0,,0.0,84,67039,67039,67039,67039,67039,,0,,0.0,66881,7086,7086,7086,7086,7086,,0,,0.0,6912
C5,1,100.0,193341,193341,193341,193341,193341,,0,,0.0,193280,94471,94471,94471,94471,94471,,0,,0.0,94464,134124,134124,134124,134124,134124,,0,,0.0,133888,59379,59379,59379,59379,59379,,0,,0.0,59136,38,38,38,38,38,,0,,0.0,37,2112,2112,2112,2112,2112,,0,,0.0,2094,273,273,273,273,273,,0,,0.0,270,1363,1363,1363,1363,1363,,0,,0.0,1350,387,387,387,387,387,,0,,0.0,384,3636,3636,3636,3636,3636,,0,,0.0,3626,-38,-38,,-38,-38,,0,,0.0,1,-78,-78,,-78,-78,,0,,0.0,1,992,992,992,992,992,,0,,0.0,983,84,84,84,84,84,,0,,0.0,84,-442,-442,,-442,-442,,0,,0.0,1,7301,7301,7301,7301,7301,,0,,0.0,7168
C6,1,100.0,132472,132472,132472,132472,132472,,0,,0.0,132352,87646,87646,87646,87646,87646,,0,,0.0,87552,99054,99054,99054,99054,99054,,0,,0.0,98816,41427,41427,41427,41427,41427,,0,,0.0,41216,49,49,49,49,49,,0,,0.0,48,1298,1298,1298,1298,1298,,0,,0.0,1286,558,558,558,558,558,,0,,0.0,554,709,709,709,709,709,,0,,0.0,707,45,45,45,45,45,,0,,0.0,44,239,239,239,239,239,,0,,0.0,239,1282,1282,1282,1282,1282,,0,,0.0,1270,-29,-29,,-29,-29,,0,,0.0,1,835,835,835,835,835,,0,,0.0,829,57,57,57,57,57,,0,,0.0,57,227,227,227,227,227,,0,,0.0,225,7501,7501,7501,7501,7501,,0,,0.0,7424
C7,1,100.0,201202,201202,201202,201202,201202,,0,,0.0,200960,95922,95922,95922,95922,95922,,0,,0.0,95744,137466,137466,137466,137466,137466,,0,,0.0,137216,76710,76710,76710,76710,76710,,0,,0.0,76544,76,76,76,76,76,,0,,0.0,76,2103,2103,2103,2103,2103,,0,,0.0,2094,806,806,806,806,806,,0,,0.0,799,392,392,392,392,392,,0,,0.0,389,-137,-137,,-137,-137,,0,,0.0,1,3355,3355,3355,3355,3355,,0,,0.0,3329,12,12,12,12,12,,0,,0.0,11,65,65,65,65,65,,0,,0.0,64,1434,1434,1434,1434,1434,,0,,0.0,1418,33,33,33,33,33,,0,,0.0,33,-811,-811,,-811,-811,,0,,0.0,1,7689,7689,7689,7689,7689,,0,,0.0,7680
C8,1,100.0,192089,192089,192089,192089,192089,,0,,0.0,192000,99878,99878,99878,99878,99878,,0,,0.0,99840,126041,126041,126041,126041,126041,,0,,0.0,125952,111078,111078,111078,111078,111078,,0,,0.0,110848,86,86,86,86,86,,0,,0.0,86,-33,-33,,-33,-33,,0,,0.0,1,838,838,838,838,838,,0,,0.0,829,1646,1646,1646,1646,1646,,0,,0.0,1641,-166,-166,,-166,-166,,0,,0.0,1,371,371,371,371,371,,0,,0.0,366,42,42,42,42,42,,0,,0.0,41,442,442,442,442,442,,0,,0.0,440,419,419,419,419,419,,0,,0.0,414,85,85,85,85,85,,0,,0.0,85,15687,15687,15687,15687,15687,,0,,0.0,15667,7901,7901,7901,7901,7901,,0,,0.0,7680
C9,1,100.0,177265,177265,177265,177265,177265,,0,,0.0,177152,95248,95248,95248,95248,95248,,0,,0.0,95232,121968,121968,121968,121968,121968,,0,,0.0,121856,110743,110743,110743,110743,110743,,0,,0.0,110592,85,85,85,85,85,,0,,0.0,84,13,13,13,13,13,,0,,0.0,12,653,653,653,653,653,,0,,0.0,649,745,745,745,745,745,,0,,0.0,743,352,352,352,352,352,,0,,0.0,349,213,213,213,213,213,,0,,0.0,211,74,74,74,74,74,,0,,0.0,72,122,122,122,122,122,,0,,0.0,121,810,810,810,810,810,,0,,0.0,809,2,2,2,2,2,,0,,0.0,2,24195,24195,24195,24195,24195,,0,,0.0,24009,8145,8145,8144,8145,8145,,0,,0.0,7936
C10,1,100.0,202927,202927,202927,202927,202927,,0,,0.0,202752,100933,100933,100933,100933,100933,,0,,0.0,100864,131761,131761,131761,131761,131761,,0,,0.0,131584,147985,147985,147985,147985,147985,,0,,0.0,147968,94,94,94,94,94,,0,,0.0,93,32,32,32,32,32,,0,,0.0,31,673,673,673,673,673,,0,,0.0,666,240,240,240,240,240,,0,,0.0,239,71,71,71,71,71,,0,,0.0,71,1,1,1,1,1,,0,,0.0,1,157,157,157,157,157,,0,,0.0,156,565,565,565,565,565,,0,,0.0,561,520,520,520,520,520,,0,,0.0,515,156,156,156,156,156,,0,,0.0,154,51476,51476,51476,51476,51476,,0,,0.0,51142,8341,8341,8341,8341,8341,,0,,0.0,8192
C11,1,100.0,198865,198865,198865,198865,198865,,0,,0.0,198656,100640,100640,100640,100640,100640,,0,,0.0,100608,129499,129499,129499,129499,129499,,0,,0.0,129280,147117,147117,147117,147117,147117,,0,,0.0,146944,188,188,188,188,188,,0,,0.0,185,52,52,52,52,52,,0,,0.0,51,1541,1541,1541,1541,1541,,0,,0.0,1525,4227,4227,4227,4227,4227,,0,,0.0,4197,-60,-60,,-60,-60,,0,,0.0,1,494,494,494,494,494,,0,,0.0,491,-227,-227,,-227,-227,,0,,0.0,1,262,262,262,262,262,,0,,0.0,260,532,532,532,532,532,,0,,0.0,528,96,96,96,96,96,,0,,0.0,95,5589,5589,5589,5589,5589,,0,,0.0,5556,8535,8535,8535,8535,8535,,0,,0.0,8448
C12,1,100.0,163491,163491,163491,163491,163491,,0,,0.0,163328,92389,92389,92389,92389,92389,,0,,0.0,92160,115972,115972,115972,115972,115972,,0,,0.0,115968,91526,91526,91526,91526,91526,,0,,0.0,91392,149,149,149,149,149,,0,,0.0,148,1370,1370,1370,1370,1370,,0,,0.0,1367,3473,3473,3473,3473,3473,,0,,0.0,3453,5557,5557,5557,5557,5557,,0,,0.0,5556,-22,-22,,-22,-22,,0,,0.0,1,225,225,225,225,225,,0,,0.0,225,464,464,464,464,464,,0,,0.0,462,182,182,182,182,182,,0,,0.0,180,643,643,643,643,643,,0,,0.0,642,-25,-25,,-25,-25,,0,,0.0,1,1844,1844,1844,1844,1844,,0,,0.0,1831,8739,8739,8739,8739,8739,,0,,0.0,8704
D1,1,100.0,171783,171783,171783,171783,171783,,0,,0.0,171776,92546,92546,92546,92546,92546,,0,,0.0,92416,121648,121648,121648,121648,121648,,0,,0.0,121600,80158,80158,80158,80158,80158,,0,,0.0,80128,59,59,59,59,59,,0,,0.0,57,42,42,42,42,42,,0,,0.0,41,797,797,797,797,797,,0,,0.0,789,1494,1494,1494,1494,1494,,0,,0.0,1488,107,107,107,107,107,,0,,0.0,107,240,240,240,240,240,,0,,0.0,239,37,37,37,37,37,,0,,0.0,36,249,249,249,249,249,,0,,0.0,248,406,406,406,406,406,,0,,0.0,404,20,20,20,20,20,,0,,0.0,20,7329,7329,7329,7329,7329,,0,,0.0,7266,11116,11116,11115,11116,11116,,0,,0.0,11008
D2,1,100.0,204937,204937,204937,204937,204937,,0,,0.0,204800,101214,101214,101214,101214,101214,,0,,0.0,101120,132696,132696,132696,132696,132696,,0,,0.0,132608,117856,117856,117856,117856,117856,,0,,0.0,117760,207,207,207,207,207,,0,,0.0,206,104,104,104,104,104,,0,,0.0,103,1904,1904,1904,1904,1904,,0,,0.0,1900,4376,4376,4376,4376,4376,,0,,0.0,4354,-397,-397,,-397,-397,,0,,0.0,1,190,190,190,190,190,,0,,0.0,187,-98,-98,,-98,-98,,0,,0.0,1,24,24,24,24,24,,0,,0.0,24,1533,1533,1533,1533,1533,,0,,0.0,1525,68,68,68,68,68,,0,,0.0,66,6548,6548,6548,6548,6548,,0,,0.0,6511,10922,10922,10922,10922,10922,,0,,0.0,10752
D3,1,100.0,262143,262143,262143,262143,262143,,0,,0.0,261888,99637,99637,99637,99637,99637,,0,,0.0,99584,172424,172424,172424,172424,172424,,0,,0.0,172288,112376,112376,112376,112376,112376,,0,,0.0,112128,35,35,35,35,35,,0,,0.0,35,3943,3943,3943,3943,3943,,0,,0.0,3901,1067,1067,1067,1067,1067,,0,,0.0,1058,1524,1524,1524,1524,1524,,0,,0.0,1507,270,270,270,270,270,,0,,0.0,270,2328,2328,2328,2328,2328,,0,,0.0,2309,952,952,952,952,952,,0,,0.0,948,15,15,15,15,15,,0,,0.0,15,2255,2255,2255,2255,2255,,0,,0.0,2253,104,104,104,104,104,,0,,0.0,103,817,817,817,817,817,,0,,0.0,809,10727,10727,10727,10727,10727,,0,,0.0,10496
D4,1,100.0,110136,110136,110136,110136,110136,,0,,0.0,110080,84713,84713,84713,84713,84713,,0,,0.0,84480,85204,85204,85204,85204,85204,,0,,0.0,84992,26750,26750,26750,26750,26750,,0,,0.0,26624,35,35,35,35,35,,0,,0.0,35,1323,1323,1323,1323,1323,,0,,0.0,1318,722,722,722,722,722,,0,,0.0,716,1256,1256,1256,1256,1256,,0,,0.0,1255,228,228,228,228,228,,0,,0.0,228,191,191,191,191,191,,0,,0.0,189,14,14,14,14,14,,0,,0.0,13,132,132,132,132,132,,0,,0.0,131,611,611,611,611,611,,0,,0.0,604,21,21,21,21,21,,0,,0.0,21,-762,-762,,-762,-762,,0,,0.0,1,10511,10511,10511,10511,10511,,0,,0.0,10496
D5,1,100.0,165154,165154,165154,165154,165154,,0,,0.0,165120,91137,91137,91137,91137,91137,,0,,0.0,91136,118761,118761,118761,118761,118761,,0,,0.0,118528,69082,69082,69082,69082,69082,,0,,0.0,68864,78,78,78,78,78,,0,,0.0,78,45,45,45,45,45,,0,,0.0,44,508,508,508,508,508,,0,,0.0,503,880,880,880,880,880,,0,,0.0,870,106,106,106,106,106,,0,,0.0,106,350,350,350,350,350,,0,,0.0,349,-77,-77,,-77,-77,,0,,0.0,1,29,29,29,29,29,,0,,0.0,28,599,599,599,599,599,,0,,0.0,596,108,108,108,108,108,,0,,0.0,107,24893,24893,24893,24893,24893,,0,,0.0,24602,10318,10318,10318,10318,10318,,0,,0.0,10240
D6,1,100.0,191054,191054,191054,191054,191054,,0,,0.0,190976,93351,93351,93351,93351,93351,,0,,0.0,93184,134127,134127,134127,134127,134127,,0,,0.0,133888,88718,88718,88718,88718,88718,,0,,0.0,88576,113,113,113,113,113,,0,,0.0,112,35,35,35,35,35,,0,,0.0,35,865,865,865,865,865,,0,,0.0,860,1302,1302,1302,1302,1302,,0,,0.0,1286,-53,-53,,-53,-53,,0,,0.0,1,129,129,129,129,129,,0,,0.0,127,-2,-2,,-2,-2,,0,,0.0,1,489,489,489,489,489,,0,,0.0,485,474,474,474,474,474,,0,,0.0,473,6,6,6,6,6,,0,,0.0,5,141,141,141,141,141,,0,,0.0,140,10120,10120,10120,10120,10120,,0,,0.0,9984
D7,1,100.0,182091,182091,182091,182091,182091,,0,,0.0,182016,94157,94157,94156,94157,94157,,0,,0.0,93952,126741,126741,126741,126741,126741,,0,,0.0,126720,58547,58547,58547,58547,58547,,0,,0.0,58368,41,41,41,41,41,,0,,0.0,41,3658,3658,3658,3658,3658,,0,,0.0,3626,169,169,169,169,169,,0,,0.0,168,4526,4526,4526,4526,4526,,0,,0.0,4516,-349,-349,,-349,-349,,0,,0.0,1,3898,3898,3898,3898,3898,,0,,0.0,3854,206,206,206,206,206,,0,,0.0,204,-27,-27,,-27,-27,,0,,0.0,1,451,451,451,451,451,,0,,0.0,450,125,125,125,125,125,,0,,0.0,124,-382,-382,,-382,-382,,0,,0.0,1,9929,9929,9929,9929,9929,,0,,0.0,9728
D8,1,100.0,180050,180050,180050,180050,180050,,0,,0.0,179968,92699,92699,92699,92699,92699,,0,,0.0,92672,127291,127291,127291,127291,127291,,0,,0.0,127232,85561,85561,85561,85561,85561,,0,,0.0,85504,84,84,84,84,84,,0,,0.0,84,38,38,38,38,38,,0,,0.0,37,710,710,710,710,710,,0,,0.0,707,841,841,841,841,841,,0,,0.0,839,124,124,124,124,124,,0,,0.0,122,115,115,115,115,115,,0,,0.0,115,51,51,51,51,51,,0,,0.0,51,212,212,212,212,212,,0,,0.0,211,607,607,607,607,607,,0,,0.0,604,62,62,62,62,62,,0,,0.0,61,11103,11103,11103,11103,11103,,0,,0.0,11000,9738,9738,9738,9738,9738,,0,,0.0,9728
D9,1,100.0,204455,204455,204455,204455,204455,,0,,0.0,204288,97324,97324,97324,97324,97324,,0,,0.0,97280,137676,137676,137676,137676,137676,,0,,0.0,137472,77805,77805,77805,77805,77805,,0,,0.0,77568,29,29,29,29,29,,0,,0.0,29,1973,1973,1973,1973,1973,,0,,0.0,1970,450,450,450,450,450,,0,,0.0,445,5763,5763,5763,5763,5763,,0,,0.0,5693,-143,-143,,-143,-143,,0,,0.0,1,3160,3160,3160,3160,3160,,0,,0.0,3132,349,349,349,349,349,,0,,0.0,344,-198,-198,,-198,-198,,0,,0.0,1,354,354,354,354,354,,0,,0.0,353,48,48,48,48,48,,0,,0.0,48,-752,-752,,-752,-752,,0,,0.0,1,9539,9539,9539,9539,9539,,0,,0.0,9472
D10,1,100.0,182074,182074,182074,182074,182074,,0,,0.0,182016,91626,91626,91626,91626,91626,,0,,0.0,91392,130230,130230,130230,130230,130230,,0,,0.0,130048,47868,47868,47868,47868,47868,,0,,0.0,47616,36,36,36,36,36,,0,,0.0,36,2098,2098,2098,2098,2098,,0,,0.0,2094,301,301,301,301,301,,0,,0.0,298,476,476,476,476,476,,0,,0.0,473,33,33,33,33,33,,0,,0.0,33,2262,2262,2262,2262,2262,,0,,0.0,2253,26,26,26,26,26,,0,,0.0,26,45,45,45,45,45,,0,,0.0,45,592,592,592,592,592,,0,,0.0,589,20,20,20,20,20,,0,,0.0,20,0,0,0,0,0,,0,,0.0,1,9326,9326,9326,9326,9326,,0,,0.0,9216
D11,1,100.0,159628,159628,159627,159628,159628,,0,,0.0,159488,90677,90677,90677,90677,90677,,0,,0.0,90624,115370,115370,115370,115370,115370,,0,,0.0,115200,79749,79749,79749,79749,79749,,0,,0.0,79616,24,24,24,24,24,,0,,0.0,23,50,50,50,50,50,,0,,0.0,49,800,800,800,800,800,,0,,0.0,789,3962,3962,3962,3962,3962,,0,,0.0,3949,8,8,8,8,8,,0,,0.0,8,-54,-54,,-54,-54,,0,,0.0,1,52,52,52,52,52,,0,,0.0,51,571,571,571,571,571,,0,,0.0,568,365,365,365,365,365,,0,,0.0,362,110,110,110,110,110,,0,,0.0,109,52565,52565,52565,52565,52565,,0,,0.0,52405,9127,9127,9127,9127,9127,,0,,0.0,8960
D12,1,100.0,169301,169301,169301,169301,169301,,0,,0.0,169216,98569,98569,98569,98569,98569,,0,,0.0,98560,112564,112564,112564,112564,112564,,0,,0.0,112384,90311,90311,90311,90311,90311,,0,,0.0,90112,97,97,97,97,97,,0,,0.0,96,78,78,78,78,78,,0,,0.0,78,3375,3375,3375,3375,3375,,0,,0.0,3370,3880,3880,3880,3880,3880,,0,,0.0,3854,540,540,540,540,540,,0,,0.0,534,624,624,624,624,624,,0,,0.0,619,-656,-656,,-656,-656,,0,,0.0,1,33,33,33,33,33,,0,,0.0,32,342,342,342,342,342,,0,,0.0,340,24,24,24,24,24,,0,,0.0,23,8135,8135,8135,8135,8135,,0,,0.0,8109,8936,8936,8935,8936,8936,,0,,0.0,8704
E1,1,100.0,177273,177273,177273,177273,177273,,0,,0.0,177152,92609,92609,92609,92609,92609,,0,,0.0,92416,125450,125450,125450,125450,125450,,0,,0.0,125440,49825,49825,49825,49825,49825,,0,,0.0,49664,28,28,28,28,28,,0,,0.0,27,1571,1571,1571,1571,1571,,0,,0.0,1563,-22,-22,,-22,-22,,0,,0.0,1,3372,3372,3372,3372,3372,,0,,0.0,3370,-203,-203,,-203,-203,,0,,0.0,1,3305,3305,3305,3305,3305,,0,,0.0,3289,191,191,191,191,191,,0,,0.0,189,-93,-93,,-93,-93,,0,,0.0,1,366,366,366,366,366,,0,,0.0,362,31,31,31,31,31,,0,,0.0,30,-162,-162,,-162,-162,,0,,0.0,1,11313,11313,11313,11313,11313,,0,,0.0,11264
E2,1,100.0,202415,202415,202415,202415,202415,,0,,0.0,202240,95801,95801,95801,95801,95801,,0,,0.0,95744,138469,138469,138469,138469,138469,,0,,0.0,138240,68869,68869,68869,68869,68869,,0,,0.0,68864,49,49,49,49,49,,0,,0.0,49,2113,2113,2113,2113,2113,,0,,0.0,2094,846,846,846,846,846,,0,,0.0,839,1813,1813,1813,1813,1813,,0,,0.0,1809,-250,-250,,-250,-250,,0,,0.0,1,3068,3068,3068,3068,3068,,0,,0.0,3057,-223,-223,,-223,-223,,0,,0.0,1,18,18,18,18,18,,0,,0.0,18,1453,1453,1453,1453,1453,,0,,0.0,1435,87,87,87,87,87,,0,,0.0,87,-653,-653,,-653,-653,,0,,0.0,1,11505,11505,11505,11505,11505,,0,,0.0,11264
E3,1,100.0,181512,181512,181512,181512,181512,,0,,0.0,181504,93993,93993,93993,93993,93993,,0,,0.0,93952,126558,126558,126558,126558,126558,,0,,0.0,126464,82893,82893,82893,82893,82893,,0,,0.0,82688,37,37,37,37,37,,0,,0.0,37,1488,1488,1488,1488,1488,,0,,0.0,1470,358,358,358,358,358,,0,,0.0,357,925,925,925,925,925,,0,,0.0,914,268,268,268,268,268,,0,,0.0,267,2853,2853,2853,2853,2853,,0,,0.0,2841,-101,-101,,-101,-101,,0,,0.0,1,27,27,27,27,27,,0,,0.0,26,1538,1538,1538,1538,1538,,0,,0.0,1525,60,60,60,60,60,,0,,0.0,59,-409,-409,,-409,-409,,0,,0.0,1,11702,11702,11702,11702,11702,,0,,0.0,11520
E4,1,100.0,156966,156966,156966,156966,156966,,0,,0.0,156928,97845,97845,97845,97845,97845,,0,,0.0,97792,105135,105135,105135,105135,105135,,0,,0.0,104960,121533,121533,121533,121533,121533,,0,,0.0,121344,439,439,439,439,439,,0,,0.0,434,173,173,173,173,173,,0,,0.0,172,4332,4332,4332,4332,4332,,0,,0.0,4301,5655,5655,5655,5655,5655,,0,,0.0,5624,-244,-244,,-244,-244,,0,,0.0,1,607,607,607,607,607,,0,,0.0,604,53,53,53,53,53,,0,,0.0,53,417,417,417,417,417,,0,,0.0,414,868,868,868,868,868,,0,,0.0,860,75,75,75,75,75,,0,,0.0,75,-860,-860,,-860,-860,,0,,0.0,1,11897,11897,11897,11897,11897,,0,,0.0,11776
E5,1,100.0,171707,171707,171707,171707,171707,,0,,0.0,171520,95870,95870,95870,95870,95870,,0,,0.0,95744,117377,117377,117377,117377,117377,,0,,0.0,117248,55018,55018,55018,55018,55018,,0,,0.0,54784,42,42,42,42,42,,0,,0.0,41,1336,1336,1336,1336,1336,,0,,0.0,1334,752,752,752,752,752,,0,,0.0,743,1072,1072,1072,1072,1072,,0,,0.0,1071,-206,-206,,-206,-206,,0,,0.0,1,1382,1382,1382,1382,1382,,0,,0.0,1367,-62,-62,,-62,-62,,0,,0.0,1,49,49,49,49,49,,0,,0.0,48,1068,1068,1068,1068,1068,,0,,0.0,1058,84,84,84,84,84,,0,,0.0,84,244,244,244,244,244,,0,,0.0,242,12091,12091,12090,12091,12091,,0,,0.0,12032
E6,1,100.0,163539,163539,163539,163539,163539,,0,,0.0,163328,92849,92849,92849,92849,92849,,0,,0.0,92672,115432,115432,115432,115432,115432,,0,,0.0,115200,57747,57747,57747,57747,57747,,0,,0.0,57600,35,35,35,35,35,,0,,0.0,34,2179,2179,2179,2179,2179,,0,,0.0,2172,675,675,675,675,675,,0,,0.0,674,937,937,937,937,937,,0,,0.0,925,151,151,151,151,151,,0,,0.0,150,3284,3284,3284,3284,3284,,0,,0.0,3249,104,104,104,104,104,,0,,0.0,103,12,12,12,12,12,,0,,0.0,12,1086,1086,1086,1086,1086,,0,,0.0,1084,11,11,11,11,11,,0,,0.0,10,-931,-931,,-931,-931,,0,,0.0,1,12287,12287,12287,12287,12287,,0,,0.0,12032
E7,1,100.0,186356,186356,186356,186356,186356,,0,,0.0,186112,96102,96102,96102,96102,96102,,0,,0.0,96000,127084,127084,127084,127084,127084,,0,,0.0,126976,54708,54708,54708,54708,54708,,0,,0.0,54528,57,57,57,57,57,,0,,0.0,57,1563,1563,1563,1563,1563,,0,,0.0,1563,889,889,889,889,889,,0,,0.0,881,1009,1009,1009,1009,1009,,0,,0.0,1007,-165,-165,,-165,-165,,0,,0.0,1,526,526,526,526,526,,0,,0.0,521,177,177,177,177,177,,0,,0.0,174,40,40,40,40,40,,0,,0.0,39,677,677,677,677,677,,0,,0.0,674,44,44,44,44,44,,0,,0.0,44,643,643,643,643,643,,0,,0.0,642,12479,12479,12479,12479,12479,,0,,0.0,12288
E8,1,100.0,133414,133414,133414,133414,133414,,0,,0.0,133376,87357,87357,87357,87357,87357,,0,,0.0,87296,100089,100089,100089,100089,100089,,0,,0.0,99840,40297,40297,40297,40297,40297,,0,,0.0,40192,-4,-4,,-4,-4,,0,,0.0,1,1710,1710,1710,1710,1710,,0,,0.0,1702,1397,1397,1397,1397,1397,,0,,0.0,1383,3506,3506,3506,3506,3506,,0,,0.0,3495,-669,-669,,-669,-669,,0,,0.0,1,298,298,298,298,298,,0,,0.0,298,-123,-123,,-123,-123,,0,,0.0,1,152,152,152,152,152,,0,,0.0,150,682,682,682,682,682,,0,,0.0,674,62,62,62,62,62,,0,,0.0,62,923,923,923,923,923,,0,,0.0,914,12694,12694,12694,12694,12694,,0,,0.0,12544
E9,1,100.0,141815,141815,141815,141815,141815,,0,,0.0,141568,88605,88605,88605,88605,88605,,0,,0.0,88576,104892,104892,104892,104892,104892,,0,,0.0,104704,40410,40410,40410,40410,40410,,0,,0.0,40192,63,63,63,63,63,,0,,0.0,62,1919,1919,1919,1919,1919,,0,,0.0,1900,430,430,430,430,430,,0,,0.0,429,496,496,496,496,496,,0,,0.0,491,-224,-224,,-224,-224,,0,,0.0,1,152,152,152,152,152,,0,,0.0,150,1418,1418,1418,1418,1418,,0,,0.0,1418,16,16,16,16,16,,0,,0.0,15,758,758,758,758,758,,0,,0.0,752,146,146,146,146,146,,0,,0.0,145,210,210,210,210,210,,0,,0.0,209,12892,12892,12892,12892,12892,,0,,0.0,12800
E10,1,100.0,157790,157790,157790,157790,157790,,0,,0.0,157696,92147,92147,92147,92147,92147,,0,,0.0,91904,112222,112222,112222,112222,112222,,0,,0.0,112128,75789,75789,75789,75789,75789,,0,,0.0,75776,119,119,119,119,119,,0,,0.0,118,682,682,682,682,682,,0,,0.0,674,1144,1144,1144,1144,1144,,0,,0.0,1138,1633,1633,1633,1633,1633,,0,,0.0,1621,-121,-121,,-121,-121,,0,,0.0,1,845,845,845,845,845,,0,,0.0,839,1186,1186,1186,1186,1186,,0,,0.0,1181,13,13,13,13,13,,0,,0.0,13,668,668,668,668,668,,0,,0.0,666,98,98,98,98,98,,0,,0.0,97,487,487,487,487,487,,0,,0.0,485,13084,13084,13084,13084,13084,,0,,0.0,13056
E11,1,100.0,164092,164092,164092,164092,164092,,0,,0.0,163840,90830,90830,90830,90830,90830,,0,,0.0,90624,118397,118397,118397,118397,118397,,0,,0.0,118272,59038,59038,59038,59038,59038,,0,,0.0,58880,20,20,20,20,20,,0,,0.0,19,6,6,6,6,6,,0,,0.0,5,707,707,707,707,707,,0,,0.0,699,4249,4249,4249,4249,4249,,0,,0.0,4249,82,82,82,82,82,,0,,0.0,82,72,72,72,72,72,,0,,0.0,71,-87,-87,,-87,-87,,0,,0.0,1,-20,-20,,-20,-20,,0,,0.0,1,342,342,342,342,342,,0,,0.0,340,150,150,150,150,150,,0,,0.0,148,773,773,773,773,773,,0,,0.0,770,13277,13277,13277,13277,13277,,0,,0.0,13056
E12,1,100.0,168231,168231,168231,168231,168231,,0,,0.0,168192,92885,92885,92885,92885,92885,,0,,0.0,92672,118697,118697,118697,118697,118697,,0,,0.0,118528,45627,45627,45627,45627,45627,,0,,0.0,45568,31,31,31,31,31,,0,,0.0,31,1207,1207,1207,1207,1207,,0,,0.0,1195,418,418,418,418,418,,0,,0.0,414,344,344,344,344,344,,0,,0.0,340,-110,-110,,-110,-110,,0,,0.0,1,1068,1068,1068,1068,1068,,0,,0.0,1058,698,698,698,698,698,,0,,0.0,690,10,10,10,10,10,,0,,0.0,9,944,944,944,944,944,,0,,0.0,936,64,64,64,64,64,,0,,0.0,64,529,529,529,529,529,,0,,0.0,528,13487,13487,13487,13487,13487,,0,,0.0,13312
F1,1,100.0,131480,131480,131480,131480,131480,,0,,0.0,131328,87713,87713,87713,87713,87713,,0,,0.0,87552,98237,98237,98237,98237,98237,,0,,0.0,98048,62731,62731,62731,62731,62731,,0,,0.0,62720,205,205,205,205,205,,0,,0.0,204,1528,1528,1528,1528,1528,,0,,0.0,1525,1771,1771,1771,1771,1771,,0,,0.0,1766,3239,3239,3239,3239,3239,,0,,0.0,3209,-15,-15,,-15,-15,,0,,0.0,1,559,559,559,559,559,,0,,0.0,554,1112,1112,1112,1112,1112,,0,,0.0,1111,34,34,34,34,34,,0,,0.0,33,677,677,677,677,677,,0,,0.0,674,56,56,56,56,56,,0,,0.0,55,769,769,769,769,769,,0,,0.0,761,15881,15881,15880,15881,15881,,0,,0.0,15872
F2,1,100.0,147759,147759,147759,147759,147759,,0,,0.0,147712,88557,88557,88557,88557,88557,,0,,0.0,88320,109348,109348,109348,109348,109348,,0,,0.0,109312,47615,47615,47615,47615,47615,,0,,0.0,47360,31,31,31,31,31,,0,,0.0,31,34,34,34,34,34,,0,,0.0,33,521,521,521,521,521,,0,,0.0,515,1648,1648,1648,1648,1648,,0,,0.0,1641,-197,-197,,-197,-197,,0,,0.0,1,28,28,28,28,28,,0,,0.0,28,-66,-66,,-66,-66,,0,,0.0,1,16,16,16,16,16,,0,,0.0,16,454,454,454,454,454,,0,,0.0,450,-6,-6,,-6,-6,,0,,0.0,1,15115,15115,15115,15115,15115,,0,,0.0,15105,15689,15689,15689,15689,15689,,0,,0.0,15616
F3,1,100.0,132545,132545,132545,132545,132545,,0,,0.0,132352,88403,88403,88403,88403,88403,,0,,0.0,88320,98260,98260,98260,98260,98260,,0,,0.0,98048,59469,59469,59469,59469,59469,,0,,0.0,59392,5,5,5,5,5,,0,,0.0,5,2293,2293,2293,2293,2293,,0,,0.0,2281,673,673,673,673,673,,0,,0.0,666,258,258,258,258,258,,0,,0.0,257,-114,-114,,-114,-114,,0,,0.0,1,490,490,490,490,490,,0,,0.0,485,565,565,565,565,565,,0,,0.0,561,-2,-2,,-2,-2,,0,,0.0,1,801,801,801,801,801,,0,,0.0,799,5,5,5,5,5,,0,,0.0,5,-1195,-1195,,-1195,-1195,,0,,0.0,1,15497,15497,15496,15497,15497,,0,,0.0,15360
F4,1.0,100.0,212015,212015,212015,212015,212015,,0,,0.0,211968,99403,99403,99403,99403,99403,,0,,0.0,99328,139780,139780,139780,139780,139780,,0,,0.0,139776,133899,133899,133899,133899,133899,,0,,0.0,133888,84,84,84,84,84,,0,,0.0,84,6,6,6,6,6,,0,,0.0,6,1318,1318,1318,1318,1318,,0,,0.0,1302,5664,5664,5664,5664,5664,,0,,0.0,5624,394,394,394,394,394,,0,,0.0,394,216,216,216,216,216,,0,,0.0,214,46,46,46,46,46,,0,,0.0,45,938,938,938,938,938,,0,,0.0,936,574,574,574,574,574,,0,,0.0,568,156,156,156,156,156,,0,,0.0,154,22177,22177,22177,22177,22177,,0,,0.0,22045,15295,15295,15295,15295,15295,,0,,0.0,15104
F5,1,100.0,230349,230349,230349,230349,230349,,0,,0.0,230144,101182,101182,101182,101182,101182,,0,,0.0,101120,149198,149198,149198,149198,149198,,0,,0.0,148992,140816,140816,140816,140816,140816,,0,,0.0,140800,112,112,112,112,112,,0,,0.0,111,6062,6062,6062,6062,6062,,0,,0.0,6051,377,377,377,377,377,,0,,0.0,375,1110,1110,1110,1110,1110,,0,,0.0,1097,-101,-101,,-101,-101,,0,,0.0,1,5126,5126,5126,5126,5126,,0,,0.0,5102,113,113,113,113,113,,0,,0.0,111,-39,-39,,-39,-39,,0,,0.0,1,1721,1721,1721,1721,1721,,0,,0.0,1702,122,122,122,122,122,,0,,0.0,121,-1751,-1751,,-1751,-1751,,0,,0.0,1,15102,15102,15102,15102,15102,,0,,0.0,14848
F6,1,100.0,196910,196910,196910,196910,196910,,0,,0.0,196864,98141,98141,98141,98141,98141,,0,,0.0,98048,131491,131491,131491,131491,131491,,0,,0.0,131328,75044,75044,75044,75044,75044,,0,,0.0,75008,44,44,44,44,44,,0,,0.0,44,4073,4073,4073,4073,4073,,0,,0.0,4046,762,762,762,762,762,,0,,0.0,752,1366,1366,1366,1366,1366,,0,,0.0,1350,-282,-282,,-282,-282,,0,,0.0,1,2351,2351,2351,2351,2351,,0,,0.0,2337,146,146,146,146,146,,0,,0.0,145,-13,-13,,-13,-13,,0,,0.0,1,1865,1865,1865,1865,1865,,0,,0.0,1854,68,68,68,68,68,,0,,0.0,67,-1465,-1465,,-1465,-1465,,0,,0.0,1,14905,14905,14905,14905,14905,,0,,0.0,14848
F7,1,100.0,162512,162512,162512,162512,162512,,0,,0.0,162304,90743,90743,90743,90743,90743,,0,,0.0,90624,117369,117369,117369,117369,117369,,0,,0.0,117248,45811,45811,45811,45811,45811,,0,,0.0,45568,48,48,48,48,48,,0,,0.0,47,1104,1104,1104,1104,1104,,0,,0.0,1097,1027,1027,1027,1027,1027,,0,,0.0,1020,1109,1109,1109,1109,1109,,0,,0.0,1097,145,145,145,145,145,,0,,0.0,145,319,319,319,319,319,,0,,0.0,316,807,807,807,807,807,,0,,0.0,799,70,70,70,70,70,,0,,0.0,70,797,797,797,797,797,,0,,0.0,789,20,20,20,20,20,,0,,0.0,19,1731,1731,1731,1731,1731,,0,,0.0,1723,14712,14712,14712,14712,14712,,0,,0.0,14592
F8,1,100.0,197485,197485,197485,197485,197485,,0,,0.0,197376,95625,95625,95625,95625,95625,,0,,0.0,95488,135345,135345,135345,135345,135345,,0,,0.0,135168,101668,101668,101668,101668,101668,,0,,0.0,101632,48,48,48,48,48,,0,,0.0,48,-54,-54,,-54,-54,,0,,0.0,1,767,767,767,767,767,,0,,0.0,761,2007,2007,2007,2007,2007,,0,,0.0,1995,-101,-101,,-101,-101,,0,,0.0,1,51,51,51,51,51,,0,,0.0,51,-107,-107,,-107,-107,,0,,0.0,1,28,28,28,28,28,,0,,0.0,27,398,398,398,398,398,,0,,0.0,394,75,75,75,75,75,,0,,0.0,73,12083,12083,12083,12083,12083,,0,,0.0,11980,14518,14518,14518,14518,14518,,0,,0.0,14336
F9,1,100.0,166480,166480,166480,166480,166480,,0,,0.0,166400,92248,92248,92248,92248,92248,,0,,0.0,92160,118273,118273,118273,118273,118273,,0,,0.0,118272,76743,76743,76743,76743,76743,,0,,0.0,76544,62,62,62,62,62,,0,,0.0,61,-7,-7,,-7,-7,,0,,0.0,1,702,702,702,702,702,,0,,0.0,699,1497,1497,1497,1497,1497,,0,,0.0,1488,-146,-146,,-146,-146,,0,,0.0,1,124,124,124,124,124,,0,,0.0,124,29,29,29,29,29,,0,,0.0,29,1117,1117,1117,1117,1117,,0,,0.0,1111,436,436,436,436,436,,0,,0.0,434,35,35,35,35,35,,0,,0.0,34,55758,55758,55758,55758,55758,,0,,0.0,55700,14318,14318,14318,14318,14318,,0,,0.0,14080
F10,1,100.0,178993,178993,178993,178993,178993,,0,,0.0,178944,92660,92660,92660,92660,92660,,0,,0.0,92416,126597,126597,126597,126597,126597,,0,,0.0,126464,61196,61196,61196,61196,61196,,0,,0.0,61184,60,60,60,60,60,,0,,0.0,59,2555,2555,2555,2555,2555,,0,,0.0,2546,861,861,861,861,861,,0,,0.0,860,2081,2081,2081,2081,2081,,0,,0.0,2069,-347,-347,,-347,-347,,0,,0.0,1,6,6,6,6,6,,0,,0.0,5,113,113,113,113,113,,0,,0.0,112,123,123,123,123,123,,0,,0.0,121,670,670,670,670,670,,0,,0.0,666,93,93,93,93,93,,0,,0.0,92,-131,-131,,-131,-131,,0,,0.0,1,14118,14118,14118,14118,14118,,0,,0.0,14080
F11,1,100.0,233013,233013,233013,233013,233013,,0,,0.0,232960,97507,97507,97507,97507,97507,,0,,0.0,97280,156611,156611,156611,156611,156611,,0,,0.0,156416,146928,146928,146928,146928,146928,,0,,0.0,146688,236,236,236,236,236,,0,,0.0,233,15,15,15,15,15,,0,,0.0,15,999,999,999,999,999,,0,,0.0,995,7171,7171,7171,7171,7171,,0,,0.0,7091,-302,-302,,-302,-302,,0,,0.0,1,129,129,129,129,129,,0,,0.0,127,-315,-315,,-315,-315,,0,,0.0,1,802,802,802,802,802,,0,,0.0,799,1041,1041,1041,1041,1041,,0,,0.0,1032,90,90,90,90,90,,0,,0.0,89,31184,31184,31184,31184,31184,,0,,0.0,31018,13927,13927,13927,13927,13927,,0,,0.0,13824
F12,1,100.0,147843,147843,147843,147843,147843,,0,,0.0,147712,90979,90979,90979,90979,90979,,0,,0.0,90880,106497,106497,106497,106497,106497,,0,,0.0,106496,87422,87422,87422,87422,87422,,0,,0.0,87296,823,823,823,823,823,,0,,0.0,819,1474,1474,1474,1474,1474,,0,,0.0,1470,1286,1286,1286,1286,1286,,0,,0.0,1270,1075,1075,1075,1075,1075,,0,,0.0,1071,-144,-144,,-144,-144,,0,,0.0,1,1092,1092,1092,1092,1092,,0,,0.0,1084,1258,1258,1258,1258,1258,,0,,0.0,1255,62,62,62,62,62,,0,,0.0,62,756,756,756,756,756,,0,,0.0,752,-35,-35,,-35,-35,,0,,0.0,1,-532,-532,,-532,-532,,0,,0.0,1,13730,13730,13730,13730,13730,,0,,0.0,13568
G1,1,100.0,214013,214013,214013,214013,214013,,0,,0.0,213760,96379,96379,96379,96379,96379,,0,,0.0,96256,145525,145525,145525,145525,145525,,0,,0.0,145408,98782,98782,98782,98782,98782,,0,,0.0,98560,68,68,68,68,68,,0,,0.0,67,43,43,43,43,43,,0,,0.0,43,484,484,484,484,484,,0,,0.0,479,464,464,464,464,464,,0,,0.0,462,39,39,39,39,39,,0,,0.0,38,89,89,89,89,89,,0,,0.0,88,47,47,47,47,47,,0,,0.0,45,234,234,234,234,234,,0,,0.0,230,634,634,634,634,634,,0,,0.0,626,43,43,43,43,43,,0,,0.0,43,46107,46107,46107,46107,46107,,0,,0.0,45826,16076,16076,16076,16076,16076,,0,,0.0,15872
G2,1,100.0,197586,197586,197586,197586,197586,,0,,0.0,197376,103397,103397,103397,103397,103397,,0,,0.0,103168,125236,125236,125236,125236,125236,,0,,0.0,125184,155712,155712,155712,155712,155712,,0,,0.0,155648,1057,1057,1057,1057,1057,,0,,0.0,1045,498,498,498,498,498,,0,,0.0,497,1044,1044,1044,1044,1044,,0,,0.0,1032,1934,1934,1934,1934,1934,,0,,0.0,1923,280,280,280,280,280,,0,,0.0,277,300,300,300,300,300,,0,,0.0,298,360,360,360,360,360,,0,,0.0,357,843,843,843,843,843,,0,,0.0,839,622,622,622,622,622,,0,,0.0,619,59,59,59,59,59,,0,,0.0,57,56050,56050,56050,56050,56050,,0,,0.0,55700,16272,16272,16272,16272,16272,,0,,0.0,16128
G3,1,100.0,152445,152445,152445,152445,152445,,0,,0.0,152320,92226,92226,92226,92226,92226,,0,,0.0,92160,108328,108328,108328,108328,108328,,0,,0.0,108288,71397,71397,71397,71397,71397,,0,,0.0,71168,147,147,147,147,147,,0,,0.0,147,156,156,156,156,156,,0,,0.0,156,1608,1608,1608,1608,1608,,0,,0.0,1601,5440,5440,5440,5440,5440,,0,,0.0,5422,-208,-208,,-208,-208,,0,,0.0,1,38,38,38,38,38,,0,,0.0,38,-61,-61,,-61,-61,,0,,0.0,1,22,22,22,22,22,,0,,0.0,22,970,970,970,970,970,,0,,0.0,960,147,147,147,147,147,,0,,0.0,147,207,207,207,207,207,,0,,0.0,206,16473,16473,16473,16473,16473,,0,,0.0,16384
G4,1,100.0,205480,205480,205480,205480,205480,,0,,0.0,205312,95880,95880,95880,95880,95880,,0,,0.0,95744,140449,140449,140449,140449,140449,,0,,0.0,140288,139597,139597,139597,139597,139597,,0,,0.0,139520,118,118,118,118,118,,0,,0.0,116,4,4,4,4,4,,0,,0.0,4,1037,1037,1037,1037,1037,,0,,0.0,1032,7795,7795,7795,7795,7795,,0,,0.0,7723,-622,-622,,-622,-622,,0,,0.0,1,85,85,85,85,85,,0,,0.0,85,-258,-258,,-258,-258,,0,,0.0,1,432,432,432,432,432,,0,,0.0,429,457,457,457,457,457,,0,,0.0,456,90,90,90,90,90,,0,,0.0,89,8446,8446,8446,8446,8446,,0,,0.0,8411,16663,16663,16663,16663,16663,,0,,0.0,16640
G5,1,100.0,152792,152792,152791,152792,152792,,0,,0.0,152576,89724,89724,89724,89724,89724,,0,,0.0,89600,111602,111602,111602,111602,111602,,0,,0.0,111360,49510,49510,49510,49510,49510,,0,,0.0,49408,51,51,51,51,51,,0,,0.0,50,2264,2264,2264,2264,2264,,0,,0.0,2253,966,966,966,966,966,,0,,0.0,960,1874,1874,1874,1874,1874,,0,,0.0,1854,240,240,240,240,240,,0,,0.0,239,753,753,753,753,753,,0,,0.0,752,998,998,998,998,998,,0,,0.0,995,-32,-32,,-32,-32,,0,,0.0,1,606,606,606,606,606,,0,,0.0,604,1,1,1,1,1,,0,,0.0,1,566,566,566,566,566,,0,,0.0,561,16855,16855,16855,16855,16855,,0,,0.0,16640
G6,1,100.0,204673,204673,204673,204673,204673,,0,,0.0,204544,95319,95319,95319,95319,95319,,0,,0.0,95232,140721,140721,140721,140721,140721,,0,,0.0,140544,122415,122415,122415,122415,122415,,0,,0.0,122368,133,133,133,133,133,,0,,0.0,131,42,42,42,42,42,,0,,0.0,42,1590,1590,1590,1590,1590,,0,,0.0,1582,1404,1404,1404,1404,1404,,0,,0.0,1400,-12,-12,,-12,-12,,0,,0.0,1,-7,-7,,-7,-7,,0,,0.0,1,-135,-135,,-135,-135,,0,,0.0,1,645,645,645,645,645,,0,,0.0,642,694,694,694,694,694,,0,,0.0,690,81,81,81,81,81,,0,,0.0,81,4836,4836,4836,4836,4836,,0,,0.0,4800,17051,17051,17051,17051,17051,,0,,0.0,16896
G7,1,100.0,180205,180205,180205,180205,180205,,0,,0.0,179968,95669,95669,95669,95669,95669,,0,,0.0,95488,123445,123445,123445,123445,123445,,0,,0.0,123392,38026,38026,38026,38026,38026,,0,,0.0,37888,38,38,38,38,38,,0,,0.0,37,3856,3856,3856,3856,3856,,0,,0.0,3854,426,426,426,426,426,,0,,0.0,424,2103,2103,2103,2103,2103,,0,,0.0,2094,-155,-155,,-155,-155,,0,,0.0,1,2203,2203,2203,2203,2203,,0,,0.0,2199,184,184,184,184,184,,0,,0.0,183,29,29,29,29,29,,0,,0.0,28,1369,1369,1369,1369,1369,,0,,0.0,1367,165,165,165,165,165,,0,,0.0,164,972,972,972,972,972,,0,,0.0,960,17247,17247,17247,17247,17247,,0,,0.0,17152
G8,1,100.0,184765,184765,184765,184765,184765,,0,,0.0,184576,93610,93610,93610,93610,93610,,0,,0.0,93440,129354,129354,129354,129354,129354,,0,,0.0,129280,92578,92578,92578,92578,92578,,0,,0.0,92416,9,9,9,9,9,,0,,0.0,8,2490,2490,2490,2490,2490,,0,,0.0,2484,573,573,573,573,573,,0,,0.0,568,399,399,399,399,399,,0,,0.0,399,-134,-134,,-134,-134,,0,,0.0,1,3069,3069,3069,3069,3069,,0,,0.0,3057,22,22,22,22,22,,0,,0.0,21,52,52,52,52,52,,0,,0.0,51,2638,2638,2638,2638,2638,,0,,0.0,2608,52,52,52,52,52,,0,,0.0,51,-580,-580,,-580,-580,,0,,0.0,1,17444,17444,17444,17444,17444,,0,,0.0,17408
G9,1,100.0,176105,176105,176105,176105,176105,,0,,0.0,175872,91751,91751,91751,91751,91751,,0,,0.0,91648,125788,125788,125788,125788,125788,,0,,0.0,125696,56694,56694,56694,56694,56694,,0,,0.0,56576,79,79,79,79,79,,0,,0.0,79,1957,1957,1957,1957,1957,,0,,0.0,1947,177,177,177,177,177,,0,,0.0,176,1666,1666,1666,1666,1666,,0,,0.0,1661,43,43,43,43,43,,0,,0.0,43,2495,2495,2495,2495,2495,,0,,0.0,2484,-39,-39,,-39,-39,,0,,0.0,1,37,37,37,37,37,,0,,0.0,37,1418,1418,1418,1418,1418,,0,,0.0,1418,87,87,87,87,87,,0,,0.0,86,-1296,-1296,,-1296,-1296,,0,,0.0,1,17641,17641,17640,17641,17641,,0,,0.0,17408
G10,1,100.0,113264,113264,113264,113264,113264,,0,,0.0,113152,83655,83655,83655,83655,83655,,0,,0.0,83456,88732,88732,88732,88732,88732,,0,,0.0,88576,43450,43450,43450,43450,43450,,0,,0.0,43264,31,31,31,31,31,,0,,0.0,31,2004,2004,2004,2004,2004,,0,,0.0,1995,341,341,341,341,341,,0,,0.0,336,787,787,787,787,787,,0,,0.0,780,-111,-111,,-111,-111,,0,,0.0,1,135,135,135,135,135,,0,,0.0,135,805,805,805,805,805,,0,,0.0,799,-17,-17,,-17,-17,,0,,0.0,1,606,606,606,606,606,,0,,0.0,604,51,51,51,51,51,,0,,0.0,51,-455,-455,,-455,-455,,0,,0.0,1,17852,17852,17852,17852,17852,,0,,0.0,17664
G11,1,100.0,174085,174085,174085,174085,174085,,0,,0.0,174080,94503,94503,94503,94503,94503,,0,,0.0,94464,120725,120725,120725,120725,120725,,0,,0.0,120576,102771,102771,102771,102771,102771,,0,,0.0,102656,93,93,93,93,93,,0,,0.0,91,61,61,61,61,61,,0,,0.0,61,439,439,439,439,439,,0,,0.0,434,1085,1085,1085,1085,1085,,0,,0.0,1084,-106,-106,,-106,-106,,0,,0.0,1,134,134,134,134,134,,0,,0.0,131,18,18,18,18,18,,0,,0.0,18,334,334,334,334,334,,0,,0.0,332,526,526,526,526,526,,0,,0.0,521,-32,-32,,-32,-32,,0,,0.0,1,29102,29102,29102,29102,29102,,0,,0.0,28829,18096,18096,18096,18096,18096,,0,,0.0,17920
G12,1,100.0,130405,130405,130405,130405,130405,,0,,0.0,130304,85964,85964,85964,85964,85964,,0,,0.0,85760,99416,99416,99416,99416,99416,,0,,0.0,99328,48737,48737,48737,48737,48737,,0,,0.0,48640,37,37,37,37,37,,0,,0.0,36,25,25,25,25,25,,0,,0.0,24,1509,1509,1509,1509,1509,,0,,0.0,1507,3121,3121,3121,3121,3121,,0,,0.0,3094,-273,-273,,-273,-273,,0,,0.0,1,234,234,234,234,234,,0,,0.0,233,-136,-136,,-136,-136,,0,,0.0,1,48,48,48,48,48,,0,,0.0,47,549,549,549,549,549,,0,,0.0,548,125,125,125,125,125,,0,,0.0,124,11758,11758,11758,11758,11758,,0,,0.0,11692,18294,18294,18294,18294,18294,,0,,0.0,18176
H1,1,100.0,175419,175419,175419,175419,175419,,0,,0.0,175360,98022,98022,98022,98022,98022,,0,,0.0,97792,117282,117282,117282,117282,117282,,0,,0.0,117248,114996,114996,114996,114996,114996,,0,,0.0,114944,82,82,82,82,82,,0,,0.0,82,138,138,138,138,138,,0,,0.0,138,5070,5070,5070,5070,5070,,0,,0.0,5040,7689,7689,7689,7689,7689,,0,,0.0,7629,324,324,324,324,324,,0,,0.0,320,271,271,271,271,271,,0,,0.0,270,-1367,-1367,,-1367,-1367,,0,,0.0,1,221,221,221,221,221,,0,,0.0,219,392,392,392,392,392,,0,,0.0,389,4,4,4,4,4,,0,,0.0,3,2136,2136,2136,2136,2136,,0,,0.0,2120,20629,20629,20628,20629,20629,,0,,0.0,20480
H2,1,100.0,200648,200648,200648,200648,200648,,0,,0.0,200448,101800,101800,101800,101800,101800,,0,,0.0,101632,129172,129172,129172,129172,129172,,0,,0.0,129024,86962,86962,86962,86962,86962,,0,,0.0,86784,80,80,80,80,80,,0,,0.0,79,3098,3098,3098,3098,3098,,0,,0.0,3094,613,613,613,613,613,,0,,0.0,611,4886,4886,4886,4886,4886,,0,,0.0,4859,-53,-53,,-53,-53,,0,,0.0,1,5375,5375,5375,5375,5375,,0,,0.0,5357,456,456,456,456,456,,0,,0.0,456,-174,-174,,-174,-174,,0,,0.0,1,367,367,367,367,367,,0,,0.0,362,9,9,9,9,9,,0,,0.0,9,-391,-391,,-391,-391,,0,,0.0,1,20436,20436,20436,20436,20436,,0,,0.0,20224
H3,1,100.0,187479,187479,187479,187479,187479,,0,,0.0,187392,95589,95589,95589,95589,95589,,0,,0.0,95488,128536,128536,128536,128536,128536,,0,,0.0,128512,66587,66587,66587,66587,66587,,0,,0.0,66560,56,56,56,56,56,,0,,0.0,55,2033,2033,2033,2033,2033,,0,,0.0,2019,318,318,318,318,318,,0,,0.0,316,4909,4909,4909,4909,4909,,0,,0.0,4859,-357,-357,,-357,-357,,0,,0.0,1,4209,4209,4209,4209,4209,,0,,0.0,4197,-155,-155,,-155,-155,,0,,0.0,1,90,90,90,90,90,,0,,0.0,89,690,690,690,690,690,,0,,0.0,682,-42,-42,,-42,-42,,0,,0.0,1,103,103,103,103,103,,0,,0.0,102,20246,20246,20246,20246,20246,,0,,0.0,20224
H4,1,100.0,182361,182361,182361,182361,182361,,0,,0.0,182272,93856,93856,93856,93856,93856,,0,,0.0,93696,127336,127336,127336,127336,127336,,0,,0.0,127232,79494,79494,79494,79494,79494,,0,,0.0,79360,68,68,68,68,68,,0,,0.0,66,2872,2872,2872,2872,2872,,0,,0.0,2841,366,366,366,366,366,,0,,0.0,362,2379,2379,2379,2379,2379,,0,,0.0,2366,-232,-232,,-232,-232,,0,,0.0,1,3099,3099,3099,3099,3099,,0,,0.0,3094,-15,-15,,-15,-15,,0,,0.0,1,-46,-46,,-46,-46,,0,,0.0,1,1232,1232,1232,1232,1232,,0,,0.0,1225,73,73,73,73,73,,0,,0.0,72,-492,-492,,-492,-492,,0,,0.0,1,20048,20048,20048,20048,20048,,0,,0.0,19968
H5,1,100.0,201069,201069,201069,201069,201069,,0,,0.0,200960,96477,96477,96477,96477,96477,,0,,0.0,96256,136585,136585,136585,136585,136585,,0,,0.0,136448,116215,116215,116215,116215,116215,,0,,0.0,115968,149,149,149,149,149,,0,,0.0,148,44,44,44,44,44,,0,,0.0,44,925,925,925,925,925,,0,,0.0,914,5144,5144,5144,5144,5144,,0,,0.0,5102,-624,-624,,-624,-624,,0,,0.0,1,-110,-110,,-110,-110,,0,,0.0,1,-83,-83,,-83,-83,,0,,0.0,1,253,253,253,253,253,,0,,0.0,251,477,477,477,477,477,,0,,0.0,473,33,33,33,33,33,,0,,0.0,33,2323,2323,2323,2323,2323,,0,,0.0,2309,19855,19855,19855,19855,19855,,0,,0.0,19712
H6,1,100.0,174772,174772,174772,174772,174772,,0,,0.0,174592,95273,95273,95273,95273,95273,,0,,0.0,95232,120221,120221,120221,120221,120221,,0,,0.0,120064,118977,118977,118977,118977,118977,,0,,0.0,118784,87,87,87,87,87,,0,,0.0,87,-8,-8,,-8,-8,,0,,0.0,1,1230,1230,1230,1230,1230,,0,,0.0,1225,5048,5048,5048,5048,5048,,0,,0.0,5040,-276,-276,,-276,-276,,0,,0.0,1,-55,-55,,-55,-55,,0,,0.0,1,-106,-106,,-106,-106,,0,,0.0,1,214,214,214,214,214,,0,,0.0,211,426,426,426,426,426,,0,,0.0,424,115,115,115,115,115,,0,,0.0,115,6230,6230,6230,6230,6230,,0,,0.0,6201,19658,19658,19658,19658,19658,,0,,0.0,19456
H7,1,100.0,159563,159563,159563,159563,159563,,0,,0.0,159488,91846,91846,91846,91846,91846,,0,,0.0,91648,113855,113855,113855,113855,113855,,0,,0.0,113664,123804,123804,123804,123804,123804,,0,,0.0,123648,115,115,115,115,115,,0,,0.0,114,-18,-18,,-18,-18,,0,,0.0,1,676,676,676,676,676,,0,,0.0,674,4357,4357,4357,4357,4357,,0,,0.0,4354,-201,-201,,-201,-201,,0,,0.0,1,279,279,279,279,279,,0,,0.0,277,-110,-110,,-110,-110,,0,,0.0,1,657,657,657,657,657,,0,,0.0,649,629,629,629,629,629,,0,,0.0,626,30,30,30,30,30,,0,,0.0,30,46680,46680,46680,46680,46680,,0,,0.0,46388,19462,19462,19462,19462,19462,,0,,0.0,19456
H8,1,100.0,167031,167031,167031,167031,167031,,0,,0.0,166912,92013,92013,92013,92013,92013,,0,,0.0,91904,118968,118968,118968,118968,118968,,0,,0.0,118784,77365,77365,77365,77365,77365,,0,,0.0,77312,43,43,43,43,43,,0,,0.0,43,28,28,28,28,28,,0,,0.0,28,598,598,598,598,598,,0,,0.0,596,1733,1733,1733,1733,1733,,0,,0.0,1723,233,233,233,233,233,,0,,0.0,230,104,104,104,104,104,,0,,0.0,103,51,51,51,51,51,,0,,0.0,51,761,761,761,761,761,,0,,0.0,752,423,423,423,423,423,,0,,0.0,419,8,8,8,8,8,,0,,0.0,7,51912,51912,51912,51912,51912,,0,,0.0,51770,19270,19270,19270,19270,19270,,0,,0.0,19200
H9,1,100.0,175497,175497,175497,175497,175497,,0,,0.0,175360,95478,95478,95478,95478,95478,,0,,0.0,95232,120461,120461,120461,120461,120461,,0,,0.0,120320,80848,80848,80848,80848,80848,,0,,0.0,80640,62,62,62,62,62,,0,,0.0,61,64,64,64,64,64,,0,,0.0,62,788,788,788,788,788,,0,,0.0,780,1332,1332,1332,1332,1332,,0,,0.0,1318,-144,-144,,-144,-144,,0,,0.0,1,304,304,304,304,304,,0,,0.0,301,119,119,119,119,119,,0,,0.0,118,128,128,128,128,128,,0,,0.0,127,316,316,316,316,316,,0,,0.0,312,16,16,16,16,16,,0,,0.0,16,28150,28150,28150,28150,28150,,0,,0.0,28135,19079,19079,19079,19079,19079,,0,,0.0,18944
H10,1,100.0,148877,148877,148877,148877,148877,,0,,0.0,148736,88278,88278,88278,88278,88278,,0,,0.0,88064,110524,110524,110524,110524,110524,,0,,0.0,110336,43802,43802,43802,43802,43802,,0,,0.0,43776,68,68,68,68,68,,0,,0.0,67,66,66,66,66,66,,0,,0.0,65,691,691,691,691,691,,0,,0.0,682,2949,2949,2949,2949,2949,,0,,0.0,2947,-185,-185,,-185,-185,,0,,0.0,1,188,188,188,188,188,,0,,0.0,187,-132,-132,,-132,-132,,0,,0.0,1,-42,-42,,-42,-42,,0,,0.0,1,1016,1016,1016,1016,1016,,0,,0.0,1007,167,167,167,167,167,,0,,0.0,166,440,440,440,440,440,,0,,0.0,434,18876,18876,18876,18876,18876,,0,,0.0,18688
H11,1,100.0,205725,205725,205725,205725,205725,,0,,0.0,205568,97778,97778,97778,97778,97778,,0,,0.0,97536,137888,137888,137888,137888,137888,,0,,0.0,137728,155692,155692,155692,155692,155692,,0,,0.0,155648,76,76,76,76,76,,0,,0.0,76,6,6,6,6,6,,0,,0.0,5,1466,1466,1466,1466,1466,,0,,0.0,1453,7100,7100,7100,7100,7100,,0,,0.0,7091,-711,-711,,-711,-711,,0,,0.0,1,28,28,28,28,28,,0,,0.0,27,426,426,426,426,426,,0,,0.0,424,141,141,141,141,141,,0,,0.0,140,408,408,408,408,408,,0,,0.0,404,4,4,4,4,4,,0,,0.0,3,758,758,758,758,758,,0,,0.0,752,18681,18681,18681,18681,18681,,0,,0.0,18432
H12,1,100.0,163058,163058,163058,163058,163058,,0,,0.0,162816,90870,90870,90870,90870,90870,,0,,0.0,90624,117598,117598,117598,117598,117598,,0,,0.0,117504,71521,71521,71521,71521,71521,,0,,0.0,71424,55,55,55,55,55,,0,,0.0,55,2936,2936,2936,2936,2936,,0,,0.0,2911,823,823,823,823,823,,0,,0.0,819,331,331,331,331,331,,0,,0.0,328,291,291,291,291,291,,0,,0.0,287,1376,1376,1376,1376,1376,,0,,0.0,1367,75,75,75,75,75,,0,,0.0,75,4,4,4,4,4,,0,,0.0,3,1426,1426,1426,1426,1426,,0,,0.0,1418,116,116,116,116,116,,0,,0.0,115,-434,-434,,-434,-434,,0,,0.0,1,18485,18485,18485,18485,18485,,0,,0.0,18432

