Experiment Name,141020 Index sort for fluidigm 96X96
Specimen Name,Specimen_001
Tube Name,INX_141020 Plate #2_001
Record Date,Oct 20, 2014 9:14:33 PM
$OP, 
GUID,27a106a9-eba3-4309-863a-5066a2c91b35 
Date Analyzed,10/28/2014 14:16

Sort Type,Index Sort
Sort Setup,85 micron
Precision ,Single Cell
Device,96 Well - Falcon
Yield Mask,0
Purity Mask,32
Phase Mask,16
Well,P5 #Events,P5 %Parent,P5 FSC-A Min,P5 FSC-A Max,P5 FSC-A Geo Mean,P5 FSC-A Mean,P5 FSC-A Median,P5 FSC-A SD,P5 FSC-A rSD,P5 FSC-A %CV,P5 FSC-A %rCV,P5 FSC-A Mode,P5 FSC-W Min,P5 FSC-W Max,P5 FSC-W Geo Mean,P5 FSC-W Mean,P5 FSC-W Median,P5 FSC-W SD,P5 FSC-W rSD,P5 FSC-W %CV,P5 FSC-W %rCV,P5 FSC-W Mode,P5 FSC-H Min,P5 FSC-H Max,P5 FSC-H Geo Mean,P5 FSC-H Mean,P5 FSC-H Median,P5 FSC-H SD,P5 FSC-H rSD,P5 FSC-H %CV,P5 FSC-H %rCV,P5 FSC-H Mode,P5 SSC-A Min,P5 SSC-A Max,P5 SSC-A Geo Mean,P5 SSC-A Mean,P5 SSC-A Median,P5 SSC-A SD,P5 SSC-A rSD,P5 SSC-A %CV,P5 SSC-A %rCV,P5 SSC-A Mode,P5 CD41 Alexa Fluor 488-A Min,P5 CD41 Alexa Fluor 488-A Max,P5 CD41 Alexa Fluor 488-A Geo Mean,P5 CD41 Alexa Fluor 488-A Mean,P5 CD41 Alexa Fluor 488-A Median,P5 CD41 Alexa Fluor 488-A SD,P5 CD41 Alexa Fluor 488-A rSD,P5 CD41 Alexa Fluor 488-A %CV,P5 CD41 Alexa Fluor 488-A %rCV,P5 CD41 Alexa Fluor 488-A Mode,P5 CD55 PE-A Min,P5 CD55 PE-A Max,P5 CD55 PE-A Geo Mean,P5 CD55 PE-A Mean,P5 CD55 PE-A Median,P5 CD55 PE-A SD,P5 CD55 PE-A rSD,P5 CD55 PE-A %CV,P5 CD55 PE-A %rCV,P5 CD55 PE-A Mode,P5 CD45-2 PE-Texas Red-A Min,P5 CD45-2 PE-Texas Red-A Max,P5 CD45-2 PE-Texas Red-A Geo Mean,P5 CD45-2 PE-Texas Red-A Mean,P5 CD45-2 PE-Texas Red-A Median,P5 CD45-2 PE-Texas Red-A SD,P5 CD45-2 PE-Texas Red-A rSD,P5 CD45-2 PE-Texas Red-A %CV,P5 CD45-2 PE-Texas Red-A %rCV,P5 CD45-2 PE-Texas Red-A Mode,P5 Lineage PE-Cy5-A Min,P5 Lineage PE-Cy5-A Max,P5 Lineage PE-Cy5-A Geo Mean,P5 Lineage PE-Cy5-A Mean,P5 Lineage PE-Cy5-A Median,P5 Lineage PE-Cy5-A SD,P5 Lineage PE-Cy5-A rSD,P5 Lineage PE-Cy5-A %CV,P5 Lineage PE-Cy5-A %rCV,P5 Lineage PE-Cy5-A Mode,P5 PI PerCP-Cy5-5-A Min,P5 PI PerCP-Cy5-5-A Max,P5 PI PerCP-Cy5-5-A Geo Mean,P5 PI PerCP-Cy5-5-A Mean,P5 PI PerCP-Cy5-5-A Median,P5 PI PerCP-Cy5-5-A SD,P5 PI PerCP-Cy5-5-A rSD,P5 PI PerCP-Cy5-5-A %CV,P5 PI PerCP-Cy5-5-A %rCV,P5 PI PerCP-Cy5-5-A Mode,P5 CD105 PE-Cy7-A Min,P5 CD105 PE-Cy7-A Max,P5 CD105 PE-Cy7-A Geo Mean,P5 CD105 PE-Cy7-A Mean,P5 CD105 PE-Cy7-A Median,P5 CD105 PE-Cy7-A SD,P5 CD105 PE-Cy7-A rSD,P5 CD105 PE-Cy7-A %CV,P5 CD105 PE-Cy7-A %rCV,P5 CD105 PE-Cy7-A Mode,P5 CD150 APC-A Min,P5 CD150 APC-A Max,P5 CD150 APC-A Geo Mean,P5 CD150 APC-A Mean,P5 CD150 APC-A Median,P5 CD150 APC-A SD,P5 CD150 APC-A rSD,P5 CD150 APC-A %CV,P5 CD150 APC-A %rCV,P5 CD150 APC-A Mode,P5 FcgR Alexa Fluor 700-A Min,P5 FcgR Alexa Fluor 700-A Max,P5 FcgR Alexa Fluor 700-A Geo Mean,P5 FcgR Alexa Fluor 700-A Mean,P5 FcgR Alexa Fluor 700-A Median,P5 FcgR Alexa Fluor 700-A SD,P5 FcgR Alexa Fluor 700-A rSD,P5 FcgR Alexa Fluor 700-A %CV,P5 FcgR Alexa Fluor 700-A %rCV,P5 FcgR Alexa Fluor 700-A Mode,P5 cKit APC-Cy7-A Min,P5 cKit APC-Cy7-A Max,P5 cKit APC-Cy7-A Geo Mean,P5 cKit APC-Cy7-A Mean,P5 cKit APC-Cy7-A Median,P5 cKit APC-Cy7-A SD,P5 cKit APC-Cy7-A rSD,P5 cKit APC-Cy7-A %CV,P5 cKit APC-Cy7-A %rCV,P5 cKit APC-Cy7-A Mode,P5 Sca1 DAPI-A Min,P5 Sca1 DAPI-A Max,P5 Sca1 DAPI-A Geo Mean,P5 Sca1 DAPI-A Mean,P5 Sca1 DAPI-A Median,P5 Sca1 DAPI-A SD,P5 Sca1 DAPI-A rSD,P5 Sca1 DAPI-A %CV,P5 Sca1 DAPI-A %rCV,P5 Sca1 DAPI-A Mode,P5 CD115 BV605 Qdot 605-A Min,P5 CD115 BV605 Qdot 605-A Max,P5 CD115 BV605 Qdot 605-A Geo Mean,P5 CD115 BV605 Qdot 605-A Mean,P5 CD115 BV605 Qdot 605-A Median,P5 CD115 BV605 Qdot 605-A SD,P5 CD115 BV605 Qdot 605-A rSD,P5 CD115 BV605 Qdot 605-A %CV,P5 CD115 BV605 Qdot 605-A %rCV,P5 CD115 BV605 Qdot 605-A Mode,P5 Time Min,P5 Time Max,P5 Time Geo Mean,P5 Time Mean,P5 Time Median,P5 Time SD,P5 Time rSD,P5 Time %CV,P5 Time %rCV,P5 Time Mode
A1,1,100.0,205183,205183,205183,205183,205183,,0,,0.0,205056,101827,101827,101827,101827,101827,,0,,0.0,101632,132057,132057,132057,132057,132057,,0,,0.0,131840,153283,153283,153283,153283,153283,,0,,0.0,153088,132,132,132,132,132,,0,,0.0,130,32,32,32,32,32,,0,,0.0,32,1794,1794,1794,1794,1794,,0,,0.0,1787,3547,3547,3547,3547,3547,,0,,0.0,3538,-121,-121,,-121,-121,,0,,0.0,1,110,110,110,110,110,,0,,0.0,108,-255,-255,,-255,-255,,0,,0.0,1,184,184,184,184,184,,0,,0.0,183,1095,1095,1095,1095,1095,,0,,0.0,1084,103,103,103,103,103,,0,,0.0,102,2514,2514,2514,2514,2514,,0,,0.0,2484,13088,13088,13088,13088,13088,,0,,0.0,13056
A2,1,100.0,145228,145228,145228,145228,145228,,0,,0.0,145152,91287,91287,91287,91287,91287,,0,,0.0,91136,104261,104261,104261,104261,104261,,0,,0.0,104192,70634,70634,70634,70634,70634,,0,,0.0,70400,71,71,71,71,71,,0,,0.0,70,1,1,1,1,1,,0,,0.0,1,655,655,655,655,655,,0,,0.0,649,1207,1207,1207,1207,1207,,0,,0.0,1195,0,0,,0,0,,0,,0.0,1,109,109,109,109,109,,0,,0.0,108,-55,-55,,-55,-55,,0,,0.0,1,20,20,20,20,20,,0,,0.0,19,909,909,909,909,909,,0,,0.0,903,150,150,150,150,150,,0,,0.0,148,2020,2020,2020,2020,2020,,0,,0.0,2019,13331,13331,13331,13331,13331,,0,,0.0,13312
A3,1,100.0,173943,173943,173943,173943,173943,,0,,0.0,173824,91742,91742,91742,91742,91742,,0,,0.0,91648,124257,124257,124257,124257,124257,,0,,0.0,124160,101989,101989,101989,101989,101989,,0,,0.0,101888,38,38,38,38,38,,0,,0.0,38,3742,3742,3742,3742,3742,,0,,0.0,3715,1456,1456,1456,1456,1456,,0,,0.0,1453,6531,6531,6531,6531,6531,,0,,0.0,6511,-185,-185,,-185,-185,,0,,0.0,1,2682,2682,2682,2682,2682,,0,,0.0,2673,552,552,552,552,552,,0,,0.0,548,197,197,197,197,197,,0,,0.0,197,3995,3995,3995,3995,3995,,0,,0.0,3949,73,73,73,73,73,,0,,0.0,71,3237,3237,3237,3237,3237,,0,,0.0,3209,13531,13531,13531,13531,13531,,0,,0.0,13312
A4,1,100.0,250461,250461,250461,250461,250461,,0,,0.0,250368,102327,102327,102327,102327,102327,,0,,0.0,102144,160409,160409,160409,160409,160409,,0,,0.0,160256,113377,113377,113377,113377,113377,,0,,0.0,113152,123,123,123,123,123,,0,,0.0,121,3775,3775,3775,3775,3775,,0,,0.0,3761,252,252,252,252,252,,0,,0.0,251,6608,6608,6608,6608,6608,,0,,0.0,6591,-18,-18,,-18,-18,,0,,0.0,1,4707,4707,4707,4707,4707,,0,,0.0,4684,-123,-123,,-123,-123,,0,,0.0,1,115,115,115,115,115,,0,,0.0,115,674,674,674,674,674,,0,,0.0,674,11,11,11,11,11,,0,,0.0,11,110,110,110,110,110,,0,,0.0,109,13721,13721,13721,13721,13721,,0,,0.0,13568
A5,1,100.0,148587,148587,148587,148587,148587,,0,,0.0,148480,90892,90892,90892,90892,90892,,0,,0.0,90880,107136,107136,107136,107136,107136,,0,,0.0,107008,51105,51105,51105,51105,51105,,0,,0.0,50944,-19,-19,,-19,-19,,0,,0.0,1,1415,1415,1415,1415,1415,,0,,0.0,1400,777,777,777,777,777,,0,,0.0,770,1450,1450,1450,1450,1450,,0,,0.0,1435,-197,-197,,-197,-197,,0,,0.0,1,1292,1292,1292,1292,1292,,0,,0.0,1286,39,39,39,39,39,,0,,0.0,38,12,12,12,12,12,,0,,0.0,11,1274,1274,1274,1274,1274,,0,,0.0,1270,-6,-6,,-6,-6,,0,,0.0,1,1138,1138,1138,1138,1138,,0,,0.0,1124,13916,13916,13916,13916,13916,,0,,0.0,13824
A6,1,100.0,162766,162766,162766,162766,162766,,0,,0.0,162560,91796,91796,91796,91796,91796,,0,,0.0,91648,116204,116204,116204,116204,116204,,0,,0.0,115968,69023,69023,69023,69023,69023,,0,,0.0,68864,62,62,62,62,62,,0,,0.0,62,-22,-22,,-22,-22,,0,,0.0,1,529,529,529,529,529,,0,,0.0,528,629,629,629,629,629,,0,,0.0,626,56,56,56,56,56,,0,,0.0,56,233,233,233,233,233,,0,,0.0,230,3,3,3,3,3,,0,,0.0,3,468,468,468,468,468,,0,,0.0,462,355,355,355,355,355,,0,,0.0,353,115,115,115,115,115,,0,,0.0,115,36218,36218,36218,36218,36218,,0,,0.0,35907,14109,14109,14109,14109,14109,,0,,0.0,14080
A7,1,100.0,154578,154578,154578,154578,154578,,0,,0.0,154368,90865,90865,90865,90865,90865,,0,,0.0,90624,111489,111489,111489,111489,111489,,0,,0.0,111360,60543,60543,60543,60543,60543,,0,,0.0,60416,173,173,173,173,173,,0,,0.0,172,58,58,58,58,58,,0,,0.0,57,2148,2148,2148,2148,2148,,0,,0.0,2146,3702,3702,3702,3702,3702,,0,,0.0,3670,308,308,308,308,308,,0,,0.0,305,268,268,268,268,268,,0,,0.0,267,-392,-392,,-392,-392,,0,,0.0,1,165,165,165,165,165,,0,,0.0,164,951,951,951,951,951,,0,,0.0,948,-11,-11,,-11,-11,,0,,0.0,1,1309,1309,1309,1309,1309,,0,,0.0,1302,14306,14306,14306,14306,14306,,0,,0.0,14080
A8,1,100.0,156529,156529,156529,156529,156529,,0,,0.0,156416,92079,92079,92079,92079,92079,,0,,0.0,91904,111408,111408,111408,111408,111408,,0,,0.0,111360,121102,121102,121102,121102,121102,,0,,0.0,121088,97,97,97,97,97,,0,,0.0,96,1,1,1,1,1,,0,,0.0,1,543,543,543,543,543,,0,,0.0,541,4397,4397,4397,4397,4397,,0,,0.0,4354,-2,-2,,-2,-2,,0,,0.0,1,-1,-1,,-1,-1,,0,,0.0,1,112,112,112,112,112,,0,,0.0,111,366,366,366,366,366,,0,,0.0,362,510,510,510,510,510,,0,,0.0,509,182,182,182,182,182,,0,,0.0,180,1908,1908,1908,1908,1908,,0,,0.0,1900,14498,14498,14498,14498,14498,,0,,0.0,14336
A9,1,100.0,196954,196954,196954,196954,196954,,0,,0.0,196864,97556,97556,97556,97556,97556,,0,,0.0,97536,132309,132309,132309,132309,132309,,0,,0.0,132096,100430,100430,100430,100430,100430,,0,,0.0,100352,74,74,74,74,74,,0,,0.0,72,40,40,40,40,40,,0,,0.0,40,662,662,662,662,662,,0,,0.0,657,4947,4947,4947,4947,4947,,0,,0.0,4918,-444,-444,,-444,-444,,0,,0.0,1,27,27,27,27,27,,0,,0.0,27,452,452,452,452,452,,0,,0.0,450,503,503,503,503,503,,0,,0.0,503,549,549,549,549,549,,0,,0.0,548,81,81,81,81,81,,0,,0.0,81,17751,17751,17751,17751,17751,,0,,0.0,17700,14697,14697,14696,14697,14697,,0,,0.0,14592
A10,1,100.0,197858,197858,197858,197858,197858,,0,,0.0,197632,97030,97030,97030,97030,97030,,0,,0.0,97024,133637,133637,133637,133637,133637,,0,,0.0,133632,116034,116034,116034,116034,116034,,0,,0.0,115968,185,185,185,185,185,,0,,0.0,183,178,178,178,178,178,,0,,0.0,176,1940,1940,1940,1940,1940,,0,,0.0,1923,5977,5977,5977,5977,5977,,0,,0.0,5906,-599,-599,,-599,-599,,0,,0.0,1,45,45,45,45,45,,0,,0.0,45,-264,-264,,-264,-264,,0,,0.0,1,194,194,194,194,194,,0,,0.0,192,1143,1143,1143,1143,1143,,0,,0.0,1138,180,180,180,180,180,,0,,0.0,178,1352,1352,1352,1352,1352,,0,,0.0,1350,14889,14889,14889,14889,14889,,0,,0.0,14848
A11,1,100.0,135016,135016,135016,135016,135016,,0,,0.0,134912,85740,85740,85740,85740,85740,,0,,0.0,85504,103200,103200,103200,103200,103200,,0,,0.0,103168,40583,40583,40583,40583,40583,,0,,0.0,40448,59,59,59,59,59,,0,,0.0,59,1545,1545,1545,1545,1545,,0,,0.0,1544,782,782,782,782,782,,0,,0.0,780,1597,1597,1597,1597,1597,,0,,0.0,1582,-217,-217,,-217,-217,,0,,0.0,1,232,232,232,232,232,,0,,0.0,230,734,734,734,734,734,,0,,0.0,734,158,158,158,158,158,,0,,0.0,158,480,480,480,480,480,,0,,0.0,479,-19,-19,,-19,-19,,0,,0.0,1,-24,-24,,-24,-24,,0,,0.0,1,15081,15081,15081,15081,15081,,0,,0.0,14848
A12,1,100.0,191513,191513,191513,191513,191513,,0,,0.0,191488,94519,94519,94519,94519,94519,,0,,0.0,94464,132789,132789,132789,132789,132789,,0,,0.0,132608,81799,81799,81799,81799,81799,,0,,0.0,81664,20,20,20,20,20,,0,,0.0,20,1970,1970,1970,1970,1970,,0,,0.0,1947,763,763,763,763,763,,0,,0.0,761,1111,1111,1111,1111,1111,,0,,0.0,1097,106,106,106,106,106,,0,,0.0,106,1848,1848,1848,1848,1848,,0,,0.0,1831,223,223,223,223,223,,0,,0.0,222,-16,-16,,-16,-16,,0,,0.0,1,1317,1317,1317,1317,1317,,0,,0.0,1302,13,13,13,13,13,,0,,0.0,13,521,521,521,521,521,,0,,0.0,515,15279,15279,15279,15279,15279,,0,,0.0,15104
B1,1,100.0,141270,141270,141270,141270,141270,,0,,0.0,141056,92517,92517,92517,92517,92517,,0,,0.0,92416,100071,100071,100071,100071,100071,,0,,0.0,99840,90414,90414,90414,90414,90414,,0,,0.0,90368,49,49,49,49,49,,0,,0.0,48,2617,2617,2617,2617,2617,,0,,0.0,2608,367,367,367,367,367,,0,,0.0,362,1308,1308,1308,1308,1308,,0,,0.0,1302,-351,-351,,-351,-351,,0,,0.0,1,4022,4022,4022,4022,4022,,0,,0.0,3997,-22,-22,,-22,-22,,0,,0.0,1,94,94,94,94,94,,0,,0.0,92,1215,1215,1215,1215,1215,,0,,0.0,1210,99,99,99,99,99,,0,,0.0,97,-444,-444,,-444,-444,,0,,0.0,1,17707,17707,17707,17707,17707,,0,,0.0,17664
B2,1,100.0,147896,147896,147896,147896,147896,,0,,0.0,147712,89131,89131,89131,89131,89131,,0,,0.0,89088,108745,108745,108745,108745,108745,,0,,0.0,108544,70126,70126,70126,70126,70126,,0,,0.0,69888,0,0,0,0,0,,0,,0.0,1,2290,2290,2290,2290,2290,,0,,0.0,2281,716,716,716,716,716,,0,,0.0,707,58,58,58,58,58,,0,,0.0,57,166,166,166,166,166,,0,,0.0,166,1856,1856,1856,1856,1856,,0,,0.0,1854,688,688,688,688,688,,0,,0.0,682,-24,-24,,-24,-24,,0,,0.0,1,1616,1616,1616,1616,1616,,0,,0.0,1601,-17,-17,,-17,-17,,0,,0.0,1,-302,-302,,-302,-302,,0,,0.0,1,17513,17513,17513,17513,17513,,0,,0.0,17408
B3,1,100.0,114022,114022,114022,114022,114022,,0,,0.0,113920,91093,91093,91093,91093,91093,,0,,0.0,90880,82032,82032,82032,82032,82032,,0,,0.0,81920,60554,60554,60554,60554,60554,,0,,0.0,60416,77,77,77,77,77,,0,,0.0,76,1218,1218,1218,1218,1218,,0,,0.0,1210,734,734,734,734,734,,0,,0.0,725,495,495,495,495,495,,0,,0.0,491,142,142,142,142,142,,0,,0.0,140,176,176,176,176,176,,0,,0.0,174,57,57,57,57,57,,0,,0.0,57,59,59,59,59,59,,0,,0.0,59,792,792,792,792,792,,0,,0.0,789,18,18,18,18,18,,0,,0.0,18,990,990,990,990,990,,0,,0.0,983,17267,17267,17267,17267,17267,,0,,0.0,17152
B4,1,100.0,153324,153324,153324,153324,153324,,0,,0.0,153088,88291,88291,88291,88291,88291,,0,,0.0,88064,113808,113808,113808,113808,113808,,0,,0.0,113664,38439,38439,38439,38439,38439,,0,,0.0,38400,49,49,49,49,49,,0,,0.0,49,1100,1100,1100,1100,1100,,0,,0.0,1097,583,583,583,583,583,,0,,0.0,582,971,971,971,971,971,,0,,0.0,960,94,94,94,94,94,,0,,0.0,93,195,195,195,195,195,,0,,0.0,194,1079,1079,1079,1079,1079,,0,,0.0,1071,55,55,55,55,55,,0,,0.0,54,908,908,908,908,908,,0,,0.0,903,44,44,44,44,44,,0,,0.0,43,950,950,950,950,950,,0,,0.0,948,17055,17055,17055,17055,17055,,0,,0.0,16896
B5,1,100.0,197681,197681,197681,197681,197681,,0,,0.0,197632,92506,92506,92506,92506,92506,,0,,0.0,92416,140048,140048,140048,140048,140048,,0,,0.0,140032,73158,73158,73158,73158,73158,,0,,0.0,72960,4,4,4,4,4,,0,,0.0,4,2147,2147,2147,2147,2147,,0,,0.0,2120,378,378,378,378,378,,0,,0.0,375,5007,5007,5007,5007,5007,,0,,0.0,4979,-118,-118,,-118,-118,,0,,0.0,1,3330,3330,3330,3330,3330,,0,,0.0,3289,-89,-89,,-89,-89,,0,,0.0,1,-124,-124,,-124,-124,,0,,0.0,1,590,590,590,590,590,,0,,0.0,589,131,131,131,131,131,,0,,0.0,130,-944,-944,,-944,-944,,0,,0.0,1,16863,16863,16863,16863,16863,,0,,0.0,16640
B6,1,100.0,152594,152594,152594,152594,152594,,0,,0.0,152576,88881,88881,88880,88881,88881,,0,,0.0,88832,112515,112515,112515,112515,112515,,0,,0.0,112384,53043,53043,53043,53043,53043,,0,,0.0,52992,261,261,261,261,261,,0,,0.0,257,59,59,59,59,59,,0,,0.0,59,2041,2041,2041,2041,2041,,0,,0.0,2019,3688,3688,3688,3688,3688,,0,,0.0,3670,-439,-439,,-439,-439,,0,,0.0,1,13,13,13,13,13,,0,,0.0,12,61,61,61,61,61,,0,,0.0,59,65,65,65,65,65,,0,,0.0,65,792,792,792,792,792,,0,,0.0,789,99,99,99,99,99,,0,,0.0,97,744,744,744,744,744,,0,,0.0,743,16665,16665,16665,16665,16665,,0,,0.0,16640
B7,1,100.0,125775,125775,125775,125775,125775,,0,,0.0,125696,84634,84634,84634,84634,84634,,0,,0.0,84480,97393,97393,97393,97393,97393,,0,,0.0,97280,34731,34731,34731,34731,34731,,0,,0.0,34560,78,78,78,78,78,,0,,0.0,77,1735,1735,1735,1735,1735,,0,,0.0,1723,684,684,684,684,684,,0,,0.0,682,780,780,780,780,780,,0,,0.0,780,13,13,13,13,13,,0,,0.0,12,59,59,59,59,59,,0,,0.0,59,362,362,362,362,362,,0,,0.0,362,41,41,41,41,41,,0,,0.0,41,698,698,698,698,698,,0,,0.0,690,103,103,103,103,103,,0,,0.0,103,895,895,895,895,895,,0,,0.0,892,16470,16470,16470,16470,16470,,0,,0.0,16384
B8,1,100.0,208537,208537,208537,208537,208537,,0,,0.0,208384,99017,99017,99017,99017,99017,,0,,0.0,98816,138024,138024,138024,138024,138024,,0,,0.0,137984,122952,122952,122952,122952,122952,,0,,0.0,122880,39,39,39,39,39,,0,,0.0,38,2,2,2,2,2,,0,,0.0,2,457,457,457,457,457,,0,,0.0,456,1405,1405,1405,1405,1405,,0,,0.0,1400,-77,-77,,-77,-77,,0,,0.0,1,150,150,150,150,150,,0,,0.0,148,6,6,6,6,6,,0,,0.0,6,490,490,490,490,490,,0,,0.0,485,507,507,507,507,507,,0,,0.0,503,-76,-76,,-76,-76,,0,,0.0,1,24568,24568,24568,24568,24568,,0,,0.0,24304,16275,16275,16275,16275,16275,,0,,0.0,16128
B9,1,100.0,148256,148256,148256,148256,148256,,0,,0.0,148224,90068,90068,90068,90068,90068,,0,,0.0,89856,107875,107875,107875,107875,107875,,0,,0.0,107776,47922,47922,47922,47922,47922,,0,,0.0,47872,44,44,44,44,44,,0,,0.0,44,1294,1294,1294,1294,1294,,0,,0.0,1286,644,644,644,644,644,,0,,0.0,642,694,694,694,694,694,,0,,0.0,690,109,109,109,109,109,,0,,0.0,107,912,912,912,912,912,,0,,0.0,903,97,97,97,97,97,,0,,0.0,96,5,5,5,5,5,,0,,0.0,4,990,990,990,990,990,,0,,0.0,983,-31,-31,,-31,-31,,0,,0.0,1,-148,-148,,-148,-148,,0,,0.0,1,16078,16078,16078,16078,16078,,0,,0.0,15872
B10,1,100.0,222910,222910,222910,222910,222910,,0,,0.0,222720,102014,102014,102014,102014,102014,,0,,0.0,101888,143202,143202,143202,143202,143202,,0,,0.0,143104,132808,132808,132808,132808,132808,,0,,0.0,132608,169,169,169,169,169,,0,,0.0,168,139,139,139,139,139,,0,,0.0,138,2756,2756,2756,2756,2756,,0,,0.0,2739,5575,5575,5575,5575,5575,,0,,0.0,5556,138,138,138,138,138,,0,,0.0,136,140,140,140,140,140,,0,,0.0,138,-256,-256,,-256,-256,,0,,0.0,1,306,306,306,306,306,,0,,0.0,305,343,343,343,343,343,,0,,0.0,340,51,51,51,51,51,,0,,0.0,51,3900,3900,3900,3900,3900,,0,,0.0,3854,15885,15885,15885,15885,15885,,0,,0.0,15872
B11,1,100.0,185597,185597,185597,185597,185597,,0,,0.0,185344,94398,94398,94398,94398,94398,,0,,0.0,94208,128851,128851,128851,128851,128851,,0,,0.0,128768,126519,126519,126519,126519,126519,,0,,0.0,126464,64,64,64,64,64,,0,,0.0,64,-11,-11,,-11,-11,,0,,0.0,1,637,637,637,637,637,,0,,0.0,634,2721,2721,2721,2721,2721,,0,,0.0,2706,-67,-67,,-67,-67,,0,,0.0,1,-56,-56,,-56,-56,,0,,0.0,1,-22,-22,,-22,-22,,0,,0.0,1,568,568,568,568,568,,0,,0.0,568,436,436,436,436,436,,0,,0.0,434,40,40,40,40,40,,0,,0.0,40,28015,28015,28015,28015,28015,,0,,0.0,27793,15687,15687,15687,15687,15687,,0,,0.0,15616
B12,1,100.0,206164,206164,206164,206164,206164,,0,,0.0,206080,96591,96591,96591,96591,96591,,0,,0.0,96512,139881,139881,139881,139881,139881,,0,,0.0,139776,43694,43694,43694,43694,43694,,0,,0.0,43520,49,49,49,49,49,,0,,0.0,48,2727,2727,2727,2727,2727,,0,,0.0,2706,728,728,728,728,728,,0,,0.0,725,2243,2243,2243,2243,2243,,0,,0.0,2226,-401,-401,,-401,-401,,0,,0.0,1,957,957,957,957,957,,0,,0.0,948,923,923,923,923,923,,0,,0.0,914,15,15,15,15,15,,0,,0.0,14,1228,1228,1228,1228,1228,,0,,0.0,1225,35,35,35,35,35,,0,,0.0,35,855,855,855,855,855,,0,,0.0,849,15472,15472,15472,15472,15472,,0,,0.0,15360
C1,1,100.0,220738,220738,220738,220738,220738,,0,,0.0,220672,97645,97645,97645,97645,97645,,0,,0.0,97536,148152,148152,148152,148152,148152,,0,,0.0,147968,80387,80387,80387,80387,80387,,0,,0.0,80384,104,104,104,104,104,,0,,0.0,103,41,41,41,41,41,,0,,0.0,40,759,759,759,759,759,,0,,0.0,752,1430,1430,1430,1430,1430,,0,,0.0,1418,-231,-231,,-231,-231,,0,,0.0,1,65,65,65,65,65,,0,,0.0,65,42,42,42,42,42,,0,,0.0,41,276,276,276,276,276,,0,,0.0,273,1129,1129,1129,1129,1129,,0,,0.0,1124,-48,-48,,-48,-48,,0,,0.0,1,3837,3837,3837,3837,3837,,0,,0.0,3807,17898,17898,17898,17898,17898,,0,,0.0,17664
C2,1,100.0,255900,255900,255900,255900,255900,,0,,0.0,255744,99425,99425,99425,99425,99425,,0,,0.0,99328,168677,168677,168677,168677,168677,,0,,0.0,168448,123009,123009,123009,123009,123009,,0,,0.0,122880,74,74,74,74,74,,0,,0.0,72,91,91,91,91,91,,0,,0.0,89,1667,1667,1667,1667,1667,,0,,0.0,1661,1694,1694,1694,1694,1694,,0,,0.0,1682,-318,-318,,-318,-318,,0,,0.0,1,131,131,131,131,131,,0,,0.0,130,-96,-96,,-96,-96,,0,,0.0,1,10,10,10,10,10,,0,,0.0,9,347,347,347,347,347,,0,,0.0,344,97,97,97,97,97,,0,,0.0,96,72178,72178,72178,72178,72178,,0,,0.0,71959,18090,18090,18090,18090,18090,,0,,0.0,17920
C3,1,100.0,146182,146182,146182,146182,146182,,0,,0.0,146176,89594,89594,89594,89594,89594,,0,,0.0,89344,106929,106929,106929,106929,106929,,0,,0.0,106752,93727,93727,93727,93727,93727,,0,,0.0,93696,891,891,891,891,891,,0,,0.0,881,1179,1179,1179,1179,1179,,0,,0.0,1166,1813,1813,1813,1813,1813,,0,,0.0,1809,233,233,233,233,233,,0,,0.0,230,-22,-22,,-22,-22,,0,,0.0,1,560,560,560,560,560,,0,,0.0,554,1071,1071,1071,1071,1071,,0,,0.0,1071,-10,-10,,-10,-10,,0,,0.0,1,355,355,355,355,355,,0,,0.0,353,54,54,54,54,54,,0,,0.0,54,-1105,-1105,,-1105,-1105,,0,,0.0,1,18288,18288,18288,18288,18288,,0,,0.0,18176
C4,1,100.0,164529,164529,164529,164529,164529,,0,,0.0,164352,91691,91691,91691,91691,91691,,0,,0.0,91648,117596,117596,117596,117596,117596,,0,,0.0,117504,61774,61774,61774,61774,61774,,0,,0.0,61696,75,75,75,75,75,,0,,0.0,75,2319,2319,2319,2319,2319,,0,,0.0,2309,395,395,395,395,395,,0,,0.0,394,709,709,709,709,709,,0,,0.0,707,158,158,158,158,158,,0,,0.0,158,2094,2094,2094,2094,2094,,0,,0.0,2069,128,128,128,128,128,,0,,0.0,127,35,35,35,35,35,,0,,0.0,35,1652,1652,1652,1652,1652,,0,,0.0,1641,16,16,16,16,16,,0,,0.0,15,-210,-210,,-210,-210,,0,,0.0,1,18481,18481,18481,18481,18481,,0,,0.0,18432
C5,1,100.0,181630,181630,181630,181630,181630,,0,,0.0,181504,93923,93923,93923,93923,93923,,0,,0.0,93696,126734,126734,126734,126734,126734,,0,,0.0,126720,73844,73844,73844,73844,73844,,0,,0.0,73728,49,49,49,49,49,,0,,0.0,48,1608,1608,1608,1608,1608,,0,,0.0,1601,360,360,360,360,360,,0,,0.0,357,3384,3384,3384,3384,3384,,0,,0.0,3370,227,227,227,227,227,,0,,0.0,225,2869,2869,2869,2869,2869,,0,,0.0,2841,1,1,1,1,1,,0,,0.0,1,-16,-16,,-16,-16,,0,,0.0,1,451,451,451,451,451,,0,,0.0,450,106,106,106,106,106,,0,,0.0,106,-1096,-1096,,-1096,-1096,,0,,0.0,1,18678,18678,18678,18678,18678,,0,,0.0,18432
C6,1,100.0,134754,134754,134754,134754,134754,,0,,0.0,134656,87340,87340,87340,87340,87340,,0,,0.0,87296,101113,101113,101113,101113,101113,,0,,0.0,100864,35935,35935,35935,35935,35935,,0,,0.0,35840,100,100,100,100,100,,0,,0.0,98,725,725,725,725,725,,0,,0.0,716,1003,1003,1003,1003,1003,,0,,0.0,995,3538,3538,3538,3538,3538,,0,,0.0,3495,-76,-76,,-76,-76,,0,,0.0,1,164,164,164,164,164,,0,,0.0,164,165,165,165,165,165,,0,,0.0,164,122,122,122,122,122,,0,,0.0,121,419,419,419,419,419,,0,,0.0,414,-31,-31,,-31,-31,,0,,0.0,1,658,658,658,658,658,,0,,0.0,657,18876,18876,18876,18876,18876,,0,,0.0,18688
C7,1,100.0,170829,170829,170829,170829,170829,,0,,0.0,170752,92189,92189,92189,92189,92189,,0,,0.0,92160,121440,121440,121440,121440,121440,,0,,0.0,121344,84124,84124,84124,84124,84124,,0,,0.0,83968,117,117,117,117,117,,0,,0.0,115,70,70,70,70,70,,0,,0.0,69,1062,1062,1062,1062,1062,,0,,0.0,1058,5078,5078,5078,5078,5078,,0,,0.0,5040,-171,-171,,-171,-171,,0,,0.0,1,119,119,119,119,119,,0,,0.0,118,140,140,140,140,140,,0,,0.0,140,61,61,61,61,61,,0,,0.0,59,953,953,953,953,953,,0,,0.0,948,54,54,54,54,54,,0,,0.0,54,5205,5205,5205,5205,5205,,0,,0.0,5164,19067,19067,19067,19067,19067,,0,,0.0,18944
C8,1,100.0,227709,227709,227709,227709,227709,,0,,0.0,227584,100344,100344,100344,100344,100344,,0,,0.0,100096,148720,148720,148720,148720,148720,,0,,0.0,148480,112046,112046,112046,112046,112046,,0,,0.0,111872,39,39,39,39,39,,0,,0.0,39,3982,3982,3982,3982,3982,,0,,0.0,3949,365,365,365,365,365,,0,,0.0,362,1838,1838,1838,1838,1838,,0,,0.0,1831,-21,-21,,-21,-21,,0,,0.0,1,5278,5278,5278,5278,5278,,0,,0.0,5227,-182,-182,,-182,-182,,0,,0.0,1,-62,-62,,-62,-62,,0,,0.0,1,3564,3564,3564,3564,3564,,0,,0.0,3538,163,163,163,163,163,,0,,0.0,162,812,812,812,812,812,,0,,0.0,809,19264,19264,19263,19264,19264,,0,,0.0,19200
C9,1,100.0,220936,220936,220936,220936,220936,,0,,0.0,220928,98581,98581,98581,98581,98581,,0,,0.0,98560,146877,146877,146877,146877,146877,,0,,0.0,146688,137027,137027,137027,137027,137027,,0,,0.0,136960,103,103,103,103,103,,0,,0.0,103,31,31,31,31,31,,0,,0.0,31,797,797,797,797,797,,0,,0.0,789,3418,3418,3418,3418,3418,,0,,0.0,3411,-143,-143,,-143,-143,,0,,0.0,1,89,89,89,89,89,,0,,0.0,88,-23,-23,,-23,-23,,0,,0.0,1,470,470,470,470,470,,0,,0.0,467,1399,1399,1399,1399,1399,,0,,0.0,1383,128,128,128,128,128,,0,,0.0,127,6742,6742,6742,6742,6742,,0,,0.0,6672,19460,19460,19460,19460,19460,,0,,0.0,19456
C10,1,100.0,151116,151116,151116,151116,151116,,0,,0.0,151040,91039,91039,91039,91039,91039,,0,,0.0,90880,108783,108783,108783,108783,108783,,0,,0.0,108544,104149,104149,104149,104149,104149,,0,,0.0,103936,109,109,109,109,109,,0,,0.0,107,13,13,13,13,13,,0,,0.0,13,762,762,762,762,762,,0,,0.0,761,6135,6135,6135,6135,6135,,0,,0.0,6126,-311,-311,,-311,-311,,0,,0.0,1,117,117,117,117,117,,0,,0.0,116,224,224,224,224,224,,0,,0.0,222,945,945,945,945,945,,0,,0.0,936,382,382,382,382,382,,0,,0.0,380,124,124,124,124,124,,0,,0.0,122,52491,52491,52491,52491,52491,,0,,0.0,52405,19664,19664,19664,19664,19664,,0,,0.0,19456
C11,1,100.0,209087,209087,209087,209087,209087,,0,,0.0,208896,96394,96394,96394,96394,96394,,0,,0.0,96256,142153,142153,142153,142153,142153,,0,,0.0,142080,53304,53304,53304,53304,53304,,0,,0.0,53248,34,34,34,34,34,,0,,0.0,33,2426,2426,2426,2426,2426,,0,,0.0,2424,390,390,390,390,390,,0,,0.0,389,1360,1360,1360,1360,1360,,0,,0.0,1350,8,8,8,8,8,,0,,0.0,7,2920,2920,2920,2920,2920,,0,,0.0,2911,-34,-34,,-34,-34,,0,,0.0,1,30,30,30,30,30,,0,,0.0,29,710,710,710,710,710,,0,,0.0,707,83,83,83,83,83,,0,,0.0,82,-48,-48,,-48,-48,,0,,0.0,1,19872,19872,19872,19872,19872,,0,,0.0,19712
C12,1,100.0,203336,203336,203336,203336,203336,,0,,0.0,203264,97121,97121,97121,97121,97121,,0,,0.0,97024,137208,137208,137208,137208,137208,,0,,0.0,136960,52793,52793,52793,52793,52793,,0,,0.0,52736,51,51,51,51,51,,0,,0.0,50,1799,1799,1799,1799,1799,,0,,0.0,1787,545,545,545,545,545,,0,,0.0,541,285,285,285,285,285,,0,,0.0,283,205,205,205,205,205,,0,,0.0,204,1298,1298,1298,1298,1298,,0,,0.0,1286,1142,1142,1142,1142,1142,,0,,0.0,1138,-29,-29,,-29,-29,,0,,0.0,1,784,784,784,784,784,,0,,0.0,780,44,44,44,44,44,,0,,0.0,44,915,915,915,915,915,,0,,0.0,914,20118,20118,20118,20118,20118,,0,,0.0,19968
D1,1,100.0,190443,190443,190443,190443,190443,,0,,0.0,190208,98271,98271,98271,98271,98271,,0,,0.0,98048,127004,127004,127004,127004,127004,,0,,0.0,126976,106172,106172,106172,106172,106172,,0,,0.0,105984,134,134,134,134,134,,0,,0.0,131,-3,-3,,-3,-3,,0,,0.0,1,873,873,873,873,873,,0,,0.0,870,1903,1903,1903,1903,1903,,0,,0.0,1900,-102,-102,,-102,-102,,0,,0.0,1,255,255,255,255,255,,0,,0.0,254,-103,-103,,-103,-103,,0,,0.0,1,230,230,230,230,230,,0,,0.0,228,1305,1305,1305,1305,1305,,0,,0.0,1302,151,151,151,151,151,,0,,0.0,148,1276,1276,1276,1276,1276,,0,,0.0,1270,22498,22498,22498,22498,22498,,0,,0.0,22272
D2,1,100.0,182564,182564,182564,182564,182564,,0,,0.0,182528,93378,93378,93378,93378,93378,,0,,0.0,93184,128130,128130,128130,128130,128130,,0,,0.0,128000,121308,121308,121308,121308,121308,,0,,0.0,121088,108,108,108,108,108,,0,,0.0,107,44,44,44,44,44,,0,,0.0,44,902,902,902,902,902,,0,,0.0,892,5856,5856,5856,5856,5856,,0,,0.0,5834,-382,-382,,-382,-382,,0,,0.0,1,-74,-74,,-74,-74,,0,,0.0,1,-147,-147,,-147,-147,,0,,0.0,1,316,316,316,316,316,,0,,0.0,312,821,821,821,821,821,,0,,0.0,819,83,83,83,83,83,,0,,0.0,83,6173,6173,6173,6173,6173,,0,,0.0,6126,22306,22306,22306,22306,22306,,0,,0.0,22272
D3,1,100.0,184186,184186,184186,184186,184186,,0,,0.0,184064,96660,96660,96660,96660,96660,,0,,0.0,96512,124879,124879,124879,124879,124879,,0,,0.0,124672,103531,103531,103531,103531,103531,,0,,0.0,103424,4,4,4,4,4,,0,,0.0,3,4962,4962,4962,4962,4962,,0,,0.0,4918,942,942,942,942,942,,0,,0.0,936,957,957,957,957,957,,0,,0.0,948,8,8,8,8,8,,0,,0.0,7,2809,2809,2809,2809,2809,,0,,0.0,2806,1067,1067,1067,1067,1067,,0,,0.0,1058,28,28,28,28,28,,0,,0.0,27,2374,2374,2374,2374,2374,,0,,0.0,2366,143,143,143,143,143,,0,,0.0,141,-1128,-1128,,-1128,-1128,,0,,0.0,1,22113,22113,22113,22113,22113,,0,,0.0,22016
D4,1,100.0,149770,149770,149770,149770,149770,,0,,0.0,149760,90784,90784,90784,90784,90784,,0,,0.0,90624,108118,108118,108118,108118,108118,,0,,0.0,108032,92025,92025,92025,92025,92025,,0,,0.0,91904,17,17,17,17,17,,0,,0.0,16,-12,-12,,-12,-12,,0,,0.0,1,394,394,394,394,394,,0,,0.0,389,876,876,876,876,876,,0,,0.0,870,-135,-135,,-135,-135,,0,,0.0,1,-6,-6,,-6,-6,,0,,0.0,1,-3,-3,,-3,-3,,0,,0.0,1,619,619,619,619,619,,0,,0.0,611,382,382,382,382,382,,0,,0.0,380,96,96,96,96,96,,0,,0.0,95,59847,59847,59847,59847,59847,,0,,0.0,59202,21922,21922,21922,21922,21922,,0,,0.0,21760
D5,1,100.0,203038,203038,203038,203038,203038,,0,,0.0,203008,96050,96050,96050,96050,96050,,0,,0.0,96000,138535,138535,138535,138535,138535,,0,,0.0,138496,130120,130120,130120,130120,130120,,0,,0.0,130048,58,58,58,58,58,,0,,0.0,57,46,46,46,46,46,,0,,0.0,45,1015,1015,1015,1015,1015,,0,,0.0,1007,1390,1390,1390,1390,1390,,0,,0.0,1383,88,88,88,88,88,,0,,0.0,87,-70,-70,,-70,-70,,0,,0.0,1,212,212,212,212,212,,0,,0.0,209,219,219,219,219,219,,0,,0.0,217,672,672,672,672,672,,0,,0.0,666,167,167,167,167,167,,0,,0.0,166,1240,1240,1240,1240,1240,,0,,0.0,1225,21723,21723,21723,21723,21723,,0,,0.0,21504
D6,1,100.0,217881,217881,217881,217881,217881,,0,,0.0,217856,100247,100247,100247,100247,100247,,0,,0.0,100096,142439,142439,142439,142439,142439,,0,,0.0,142336,149555,149555,149555,149555,149555,,0,,0.0,149504,50,50,50,50,50,,0,,0.0,50,22,22,22,22,22,,0,,0.0,22,825,825,825,825,825,,0,,0.0,819,4506,4506,4506,4506,4506,,0,,0.0,4461,-337,-337,,-337,-337,,0,,0.0,1,132,132,132,132,132,,0,,0.0,130,16,16,16,16,16,,0,,0.0,15,867,867,867,867,867,,0,,0.0,860,394,394,394,394,394,,0,,0.0,394,80,80,80,80,80,,0,,0.0,80,26842,26842,26842,26842,26842,,0,,0.0,26795,21503,21503,21503,21503,21503,,0,,0.0,21248
D7,1,100.0,201438,201438,201438,201438,201438,,0,,0.0,201216,96707,96707,96707,96707,96707,,0,,0.0,96512,136509,136509,136509,136509,136509,,0,,0.0,136448,85092,85092,85092,85092,85092,,0,,0.0,84992,80,80,80,80,80,,0,,0.0,80,2323,2323,2323,2323,2323,,0,,0.0,2309,506,506,506,506,506,,0,,0.0,503,2187,2187,2187,2187,2187,,0,,0.0,2172,-120,-120,,-120,-120,,0,,0.0,1,3171,3171,3171,3171,3171,,0,,0.0,3170,60,60,60,60,60,,0,,0.0,59,-109,-109,,-109,-109,,0,,0.0,1,1032,1032,1032,1032,1032,,0,,0.0,1020,49,49,49,49,49,,0,,0.0,49,-578,-578,,-578,-578,,0,,0.0,1,21302,21302,21302,21302,21302,,0,,0.0,21248
D8,1,100.0,200865,200865,200865,200865,200865,,0,,0.0,200704,98817,98817,98817,98817,98817,,0,,0.0,98816,133215,133215,133215,133215,133215,,0,,0.0,133120,106401,106401,106401,106401,106401,,0,,0.0,106240,87,87,87,87,87,,0,,0.0,86,6,6,6,6,6,,0,,0.0,6,509,509,509,509,509,,0,,0.0,503,3409,3409,3409,3409,3409,,0,,0.0,3370,137,137,137,137,137,,0,,0.0,135,83,83,83,83,83,,0,,0.0,83,184,184,184,184,184,,0,,0.0,183,136,136,136,136,136,,0,,0.0,135,699,699,699,699,699,,0,,0.0,690,-54,-54,,-54,-54,,0,,0.0,1,73061,73061,73061,73061,73061,,0,,0.0,72842,21091,21091,21090,21091,21091,,0,,0.0,20992
D9,1,100.0,175262,175262,175262,175262,175262,,0,,0.0,175104,93017,93017,93017,93017,93017,,0,,0.0,92928,123483,123483,123483,123483,123483,,0,,0.0,123392,62608,62608,62608,62608,62608,,0,,0.0,62464,25,25,25,25,25,,0,,0.0,24,2631,2631,2631,2631,2631,,0,,0.0,2608,979,979,979,979,979,,0,,0.0,971,1840,1840,1840,1840,1840,,0,,0.0,1831,-20,-20,,-20,-20,,0,,0.0,1,2397,2397,2397,2397,2397,,0,,0.0,2395,-28,-28,,-28,-28,,0,,0.0,1,87,87,87,87,87,,0,,0.0,86,1400,1400,1400,1400,1400,,0,,0.0,1383,-3,-3,,-3,-3,,0,,0.0,1,-1381,-1381,,-1381,-1381,,0,,0.0,1,20898,20898,20898,20898,20898,,0,,0.0,20736
D10,1,100.0,126936,126936,126936,126936,126936,,0,,0.0,126720,86195,86195,86195,86195,86195,,0,,0.0,86016,96512,96512,96512,96512,96512,,0,,0.0,96512,45389,45389,45389,45389,45389,,0,,0.0,45312,80,80,80,80,80,,0,,0.0,80,1303,1303,1303,1303,1303,,0,,0,1302,593,593,593,593,593,,0,,0.0,589,1896,1896,1896,1896,1896,,0,,0.0,1877,-138,-138,,-138,-138,,0,,0.0,1,32,32,32,32,32,,0,,0.0,31,1041,1041,1041,1041,1041,,0,,0.0,1032,-148,-148,,-148,-148,,0,,0.0,1,1136,1136,1136,1136,1136,,0,,0.0,1124,48,48,48,48,48,,0,,0.0,48,515,515,515,515,515,,0,,0.0,509,20699,20699,20699,20699,20699,,0,,0.0,20480
D11,1,100.0,172535,172535,172535,172535,172535,,0,,0.0,172288,90082,90082,90082,90082,90082,,0,,0.0,89856,125522,125522,125522,125522,125522,,0,,0.0,125440,95380,95380,95380,95380,95380,,0,,0.0,95232,82,82,82,82,82,,0,,0.0,81,51,51,51,51,51,,0,,0.0,50,452,452,452,452,452,,0,,0.0,450,986,986,986,986,986,,0,,0.0,983,-181,-181,,-181,-181,,0,,0.0,1,193,193,193,193,193,,0,,0.0,192,-19,-19,,-19,-19,,0,,0.0,1,909,909,909,909,909,,0,,0.0,903,503,503,503,503,503,,0,,0.0,503,76,76,76,76,76,,0,,0.0,76,34187,34187,34187,34187,34187,,0,,0.0,33782,20507,20507,20507,20507,20507,,0,,0.0,20480
D12,1,100.0,167455,167455,167455,167455,167455,,0,,0.0,167424,96548,96548,96548,96548,96548,,0,,0.0,96512,113667,113667,113667,113667,113667,,0,,0.0,113664,73381,73381,73381,73381,73381,,0,,0.0,73216,1,1,1,1,1,,0,,0.0,1,2394,2394,2394,2394,2394,,0,,0.0,2366,386,386,386,386,386,,0,,0.0,384,1196,1196,1196,1196,1196,,0,,0.0,1195,-43,-43,,-43,-43,,0,,0.0,1,3563,3563,3563,3563,3563,,0,,0.0,3538,41,41,41,41,41,,0,,0.0,40,-62,-62,,-62,-62,,0,,0.0,1,1263,1263,1263,1263,1263,,0,,0.0,1255,22,22,22,22,22,,0,,0.0,21,-263,-263,,-263,-263,,0,,0.0,1,20316,20316,20315,20316,20316,,0,,0.0,20224
E1,1,100.0,141624,141624,141624,141624,141624,,0,,0.0,141568,88570,88570,88570,88570,88570,,0,,0.0,88320,104793,104793,104793,104793,104793,,0,,0.0,104704,60178,60178,60178,60178,60178,,0,,0.0,60160,68,68,68,68,68,,0,,0.0,67,1646,1646,1646,1646,1646,,0,,0.0,1641,295,295,295,295,295,,0,,0.0,294,3480,3480,3480,3480,3480,,0,,0.0,3453,-1,-1,,-1,-1,,0,,0.0,1,3957,3957,3957,3957,3957,,0,,0.0,3949,-241,-241,,-241,-241,,0,,0.0,1,76,76,76,76,76,,0,,0.0,75,600,600,600,600,600,,0,,0.0,596,90,90,90,90,90,,0,,0.0,89,-1085,-1085,,-1085,-1085,,0,,0.0,1,22694,22694,22694,22694,22694,,0,,0.0,22528
E2,1,100.0,186953,186953,186953,186953,186953,,0,,0.0,186880,94320,94320,94320,94320,94320,,0,,0.0,94208,129900,129900,129900,129900,129900,,0,,0.0,129792,107362,107362,107362,107362,107362,,0,,0.0,107264,129,129,129,129,129,,0,,0.0,127,24,24,24,24,24,,0,,0.0,23,970,970,970,970,970,,0,,0.0,960,3688,3688,3688,3688,3688,,0,,0.0,3670,-117,-117,,-117,-117,,0,,0.0,1,60,60,60,60,60,,0,,0.0,59,109,109,109,109,109,,0,,0.0,108,152,152,152,152,152,,0,,0.0,150,598,598,598,598,598,,0,,0.0,596,44,44,44,44,44,,0,,0.0,43,2394,2394,2394,2394,2394,,0,,0.0,2366,22890,22890,22890,22890,22890,,0,,0.0,22784
E3,1,100.0,215321,215321,215321,215321,215321,,0,,0.0,215296,97267,97267,97267,97267,97267,,0,,0.0,97024,145077,145077,145077,145077,145077,,0,,0.0,144896,121776,121776,121776,121776,121776,,0,,0.0,121600,120,120,120,120,120,,0,,0.0,118,50,50,50,50,50,,0,,0.0,49,610,610,610,610.0,610,,0,,0.0,604,3689,3689,3689,3689,3689,,0,,0.0,3670,-505,-505,,-505,-505,,0,,0.0,1,151,151,151,151,151,,0,,0.0,148,-202,-202,,-202,-202,,0,,0.0,1,966,966,966,966,966,,0,,0.0,960,637,637,637,637,637,,0,,0.0,634,72,72,72,72,72,,0,,0.0,71,13003,13003,13003,13003,13003,,0,,0.0,12890,23091,23091,23090,23091,23091,,0,,0.0,23040
E4,1,100.0,111154,111154,111154,111154,111154,,0,,0.0,111104,84964,84964,84964,84964,84964,,0,,0.0,84736,85737,85737,85737,85737,85737,,0,,0.0,85504,34151,34151,34151,34151,34151,,0,,0.0,34048,58,58,58,58,58,,0,,0.0,57,1555,1555,1555,1555,1555,,0,,0.0,1544,947,947,947,947,947,,0,,0.0,936,768,768,768,768,768,,0,,0.0,761,68,68,68,68,68,,0,,0.0,67,561,561,561,561,561,,0,,0.0,554,1209,1209,1209,1209,1209,,0,,0.0,1195,183,183,183,183,183,,0,,0.0,183,455,455,455,455,455,,0,,0.0,450,52,52,52,52,52,,0,,0.0,51,1155,1155,1155,1155,1155,,0,,0.0,1152,23288,23288,23288,23288,23288,,0,,0.0,23040
E5,1,100.0,176002,176002,176002,176002,176002,,0,,0.0,175872,91846,91846,91846,91846,91846,,0,,0.0,91648,125584,125584,125584,125584,125584,,0,,0.0,125440,66223,66223,66223,66223,66223,,0,,0.0,66048,22,22,22,22,22,,0,,0.0,22,1239,1239,1239,1239,1239,,0,,0.0,1225,443,443,443,443,443,,0,,0.0,440,1808,1808,1808,1808,1808,,0,,0.0,1787,-61,-61,,-61,-61,,0,,0.0,1,2795,2795,2795,2795,2795,,0,,0.0,2772,32,32,32,32,32,,0,,0.0,32,12,12,12,12,12,,0,,0.0,11,975,975,975,975,975,,0,,0.0,971,119,119,119,119,119,,0,,0.0,118,-481,-481,,-481,-481,,0,,0.0,1,23483,23483,23483,23483,23483,,0,,0.0,23296
E6,1,100.0,134128,134128,134128,134128,134128,,0,,0.0,133888,88421,88421,88421,88421,88421,,0,,0.0,88320,99413,99413,99413,99413,99413,,0,,0.0,99328,36388,36388,36388,36388,36388,,0,,0.0,36352,55,55,55,55,55,,0,,0.0,54,1546,1546,1546,1546,1546,,0,,0.0,1544,1407,1407,1407,1407,1407,,0,,0.0,1400,1904,1904,1904,1904,1904,,0,,0.0,1900,-131,-131,,-131,-131,,0,,0.0,1,331,331,331,331,331,,0,,0.0,328,985,985,985,985,985,,0,,0.0,983,52,52,52,52,52,,0,,0.0,51,604,604,604,604,604,,0,,0.0,604,26,26,26,26,26,,0,,0.0,25,-806,-806,,-806,-806,,0,,0.0,1,23684,23684,23684,23684,23684,,0,,0.0,23552
E7,1,100.0,208318,208318,208318,208318,208318,,0,,0.0,208128,96184,96184,96184,96184,96184,,0,,0.0,96000,141940,141940,141940,141940,141940,,0,,0.0,141824,104991,104991,104991,104991,104991,,0,,0.0,104960,184,184,184,184,184,,0,,0.0,183,34,34,34,34,34,,0,,0.0,34,1227,1227,1227,1227,1227,,0,,0.0,1225,6867,6867,6867,6867,6867,,0,,0.0,6836,-585,-585,,-585,-585,,0,,0.0,1,296,296,296,296,296,,0,,0.0,294,19,19,19,19,19,,0,,0.0,19,453,453,453,453,453,,0,,0.0,450,415,415,415,415,415,,0,,0.0,414,71,71,71,71,71,,0,,0.0,70,3163,3163,3163,3163,3163,,0,,0.0,3132,23876,23876,23876,23876,23876,,0,,0.0,23808
E8,1,100.0,173134,173134,173134,173134,173134,,0,,0.0,173056,95531,95531,95531,95531,95531,,0,,0.0,95488,118773,118773,118773,118773,118773,,0,,0.0,118528,77793,77793,77793,77793,77793,,0,,0.0,77568,95,95,95,95,95,,0,,0.0,95,2936,2936,2936,2936,2936,,0,,0.0,2911,482,482,482,482,482,,0,,0.0,479,155,155,155,155,155,,0,,0.0,154,80,80,80,80,80,,0,,0.0,80,3019,3019,3019,3019,3019,,0,,0.0,2983,70,70,70,70,70,,0,,0.0,70,-3,-3,,-3,-3,,0,,0.0,1,1543,1543,1543,1543,1543,,0,,0.0,1525,49,49,49,49,49,,0,,0.0,48,-1283,-1283,,-1283,-1283,,0,,0.0,1,24068,24068,24067,24068,24068,,0,,0.0,24064
E9,1,100.0,160245,160245,160245,160245,160245,,0,,0.0,160000,89611,89611,89611,89611,89611,,0,,0.0,89600,117193,117193,117193,117193,117193,,0,,0.0,116992,45834,45834,45834,45834,45834,,0,,0.0,45824,63,63,63,63,63,,0,,0.0,62,899,899,899,899,899,,0,,0.0,892,630,630,630,630,630,,0,,0.0,626,1116,1116,1116,1116,1116,,0,,0.0,1111,93,93,93,93,93,,0,,0.0,91,247,247,247,247,247,,0,,0.0,245,1506,1506,1506,1506,1506,,0,,0.0,1488,12,12,12,12,12,,0,,0.0,11,566,566,566,566,566,,0,,0.0,561,-31,-31,,-31,-31,,0,,0.0,1,643,643,643,643,643,,0,,0.0,642,24264,24264,24264,24264,24264,,0,,0.0,24064
E10,1,100.0,175046,175046,175046,175046,175046,,0,,0.0,174848,92720,92720,92720,92720,92720,,0,,0.0,92672,123725,123725,123725,123725,123725,,0,,0.0,123648,71771,71771,71771,71771,71771,,0,,0.0,71680,55,55,55,55,55,,0,,0.0,55,2264,2264,2264,2264,2264,,0,,0.0,2253,531,531,531,531,531,,0,,0.0,528,1532,1532,1532,1532,1532,,0,,0.0,1525,1,1,1,1,1,,0,,0.0,1,3543,3543,3543,3543,3543,,0,,0.0,3538,-242,-242,,-242,-242,,0,,0.0,1,65,65,65,65,65,,0,,0.0,65,1400,1400,1400,1400,1400,,0,,0.0,1383,120,120,120,120,120,,0,,0.0,118,-1041,-1041,,-1041,-1041,,0,,0.0,1,24459,24459,24459,24459,24459,,0,,0.0,24320
E11,1,100.0,175634,175634,175634,175634,175634,,0,,0.0,175616,93291,93291,93291,93291,93291,,0,,0.0,93184,123381,123381,123381,123381,123381,,0,,0.0,123136,90944,90944,90944,90944,90944,,0,,0.0,90880,68,68,68,68,68,,0,,0.0,67,89,89,89,89,89,,0,,0.0,88,1060,1060,1060,1060,1060,,0,,0.0,1058,3754,3754,3754,3754,3754,,0,,0.0,3715,-395,-395,,-395,-395,,0,,0.0,1,64,64,64,64,64,,0,,0.0,64,-68,-68,,-68,-68,,0,,0.0,1,456,456,456,456,456,,0,,0.0,456,1383,1383,1383,1383,1383,,0,,0.0,1367,52,52,52,52,52,,0,,0.0,51,18305,18305,18305,18305,18305,,0,,0.0,18137,24674,24674,24674,24674,24674,,0,,0.0,24576
E12,1,100.0,160421,160421,160421,160421,160421,,0,,0.0,160256,91287,91287,91287,91287,91287,,0,,0.0,91136,115169,115169,115169,115169,115169,,0,,0.0,114944,62686,62686,62686,62686,62686,,0,,0.0,62464,55,55,55,55,55,,0,,0.0,54,43,43,43,43,43,,0,,0.0,42,1465,1465,1465,1465,1465,,0,,0.0,1453,2824,2824,2824,2824,2824,,0,,0.0,2806,-268,-268,,-268,-268,,0,,0.0,1,-76,-76,,-76,-76,,0,,0.0,1,-185,-185,,-185,-185,,0,,0.0,1,125,125,125,125,125,,0,,0.0,124,812,812,812,812,812,,0,,0.0,809,104,104,104,104,104,,0,,0.0,103,1406,1406,1406,1406,1406,,0,,0.0,1400,24873,24873,24873,24873,24873,,0,,0.0,24832
F1,1,100.0,133138,133138,133138,133138,133138,,0,,0.0,133120,87940,87940,87940,87940,87940,,0,,0.0,87808,99220,99220,99220,99220,99220,,0,,0.0,99072,53283,53283,53283,53283,53283,,0,,0.0,53248,-3,-3,,-3,-3,,0,,0.0,1,1632,1632,1632,1632,1632,,0,,0.0,1621,432,432,432,432,432,,0,,0.0,429,479,479,479,479,479,,0,,0.0,473,-125,-125,,-125,-125,,0,,0.0,1,1772,1772,1772,1772,1772,,0,,0.0,1766,15,15,15,15,15,,0,,0.0,14,26,26,26,26,26,,0,,0.0,25,2198,2198,2198,2198,2198,,0,,0.0,2172,-5,-5,,-5,-5,,0,,0.0,1,178,178,178,178,178,,0,,0.0,176,27206,27206,27206,27206,27206,,0,,0.0,27136
F2,1,100.0,156184,156184,156184,156184,156184,,0,,0.0,156160,89430,89430,89430,89430,89430,,0,,0.0,89344,114455,114455,114455,114455,114455,,0,,0.0,114432,57171,57171,57171,57171,57171,,0,,0.0,57088,10,10,10,10,10,,0,,0.0,9,26,26,26,26,26,,0,,0.0,26,996,996,996,996,996,,0,,0.0,983,5079,5079,5079,5079,5079,,0,,0.0,5040,-170,-170,,-170,-170,,0,,0.0,1,95,95,95,95,95,,0,,0.0,95,-67,-67,,-67,-67,,0,,0.0,1,-124,-124,,-124,-124,,0,,0.0,1,393,393,393,393,393,,0,,0.0,389,44,44,44,44,44,,0,,0.0,44,2231,2231,2231,2231,2231,,0,,0.0,2226,27015,27015,27015,27015,27015,,0,,0.0,26880
F3,1,100.0,197315,197315,197315,197315,197315,,0,,0.0,197120,93379,93379,93379,93379,93379,,0,,0.0,93184,138481,138481,138481,138481,138481,,0,,0.0,138240,71112,71112,71112,71112,71112,,0,,0.0,70912,39,39,39,39,39,,0,,0.0,38,22,22,22,22,22,,0,,0.0,22,252,252,252,252,252,,0,,0.0,251,320,320,320,320,320,,0,,0.0,316,62,62,62,62,62,,0,,0.0,61,93,93,93,93,93,,0,,0.0,92,37,37,37,37,37,,0,,0.0,36,336,336,336,336,336,,0,,0.0,332,676,676,676,676,676,,0,,0.0,674,77,77,77,77,77,,0,,0.0,76,41224,41224,41224,41224,41224,,0,,0.0,41062,26822,26822,26822,26822,26822,,0,,0.0,26624
F4,1,100.0,185182,185182,185182,185182,185182,,0,,0.0,185088,95448,95448,95448,95448,95448,,0,,0.0,95232,127149,127149,127149,127149,127149,,0,,0.0,126976,66816,66816,66816,66816,66816,,0,,0.0,66816,30,30,30,30,30,,0,,0.0,30,1335,1335,1335,1335,1335,,0,,0.0,1334,130,130,130,130,130,,0,,0.0,130,1766,1766,1766,1766,1766,,0,,0.0,1766,109,109,109,109,109,,0,,0.0,108,3173,3173,3173,3173,3173,,0,,0.0,3170,67,67,67,67,67,,0,,0.0,66,-63,-63,,-63,-63,,0,,0.0,1,699,699,699,699,699,,0,,0.0,690,29,29,29,29,29,,0,,0.0,29,861,861,861,861,861,,0,,0.0,860,26621,26621,26621,26621,26621,,0,,0.0,26368
F5,1,100.0,153154,153154,153154,153154,153154,,0,,0.0,153088,90332,90332,90332,90332,90332,,0,,0.0,90112,111113,111113,111113,111113,111113,,0,,0.0,111104,89064,89064,89064,89064,89064,,0,,0.0,88832,40,40,40,40,40,,0,,0.0,39,59,59,59,59,59,,0,,0.0,57,644,644,644,644,644,,0,,0.0,642,1653,1653,1653,1653,1653,,0,,0.0,1641,-64,-64,,-64,-64,,0,,0.0,1,123,123,123,123,123,,0,,0.0,122,-15,-15,,-15,-15,,0,,0.0,1,571,571,571,571,571,,0,,0.0,568,377,377,377,377,377,,0,,0.0,375,55,55,55,55,55,,0,,0.0,54,45436,45436,45436,45436,45436,,0,,0.0,45270,26426,26426,26426,26426,26426,,0,,0.0,26368
F6,1,100.0,133095,133095,133095,133095,133095,,0,,0.0,132864,86929,86929,86929,86929,86929,,0,,0.0,86784,100340,100340,100340,100340,100340,,0,,0.0,100096,45108,45108,45108,45108,45108,,0,,0.0,45056,157,157,157,157,157,,0,,0.0,156,1839,1839,1839,1839,1839,,0,,0.0,1831,1663,1663,1663,1663,1663,,0,,0.0,1661,5096,5096,5096,5096,5096,,0,,0.0,5040,74,74,74,74,74,,0,,0.0,73,11,11,11,11,11,,0,,0.0,10,217,217,217,217,217,,0,,0.0,217,99,99,99,99,99,,0,,0.0,97,1281,1281,1281,1281,1281,,0,,0.0,1270,34,34,34,34,34,,0,,0.0,34,1210,1210,1210,1210,1210,,0,,0.0,1195,26230,26230,26230,26230,26230,,0,,0.0,26112
F7,1,100.0,113745,113745,113745,113745,113745,,0,,0.0,113664,85595,85595,85595,85595,85595,,0,,0.0,85504,87089,87089,87089,87089,87089,,0,,0.0,87040,37447,37447,37447,37447,37447,,0,,0.0,37376,12,12,12,12,12,,0,,0.0,11,1047,1047,1047,1047,1047,,0,,0.0,1045,734,734,734,734,734,,0,,0.0,725,841,841,841,841,841,,0,,0.0,839,109,109,109,109,109,,0,,0.0,108,648,648,648,648,648,,0,,0.0,642,1193,1193,1193,1193,1193,,0,,0.0,1181,24,24,24,24,24,,0,,0.0,23,724,724,724,724,724,,0,,0.0,716,-6,-6,,-6,-6,,0,,0.0,1,-759,-759,,-759,-759,,0,,0.0,1,26038,26038,26037,26038,26038,,0,,0.0,25856
F8,1,100.0,161928,161928,161928,161928,161928,,0,,0.0,161792,93060,93060,93060,93060,93060,,0,,0.0,92928,114035,114035,114035,114035,114035,,0,,0.0,113920,45302,45302,45302,45302,45302,,0,,0.0,45056,107,107,107,107,107,,0,,0.0,106,2803,2803,2803,2803,2803,,0,,0.0,2772,1259,1259,1259,1259,1259,,0,,0.0,1255,1114,1114,1114,1114,1114,,0,,0.0,1111,-101,-101,,-101,-101,,0,,0.0,1,418,418,418,418,418,,0,,0.0,414,266,266,266,266,266,,0,,0.0,263,-14,-14,,-14,-14,,0,,0.0,1,545,545,545,545,545,,0,,0.0,541,16,16,16,16,16,,0,,0.0,16,439,439,439,439,439,,0,,0.0,434,25846,25846,25846,25846,25846,,0,,0.0,25600
F9,1,100.0,173066,173066,173066,173066,173066,,0,,0.0,173056,93985,93985,93985,93985,93985,,0,,0.0,93952,120680,120680,120680,120680,120680,,0,,0.0,120576,43308,43308,43308,43308,43308,,0,,0.0,43264,0,0,0,0,0,,0,,0.0,1,2602,2602,2602,2602,2602,,0,,0.0,2577,441,441,441,441,441,,0,,0.0,440,979,979,979,979,979,,0,,0.0,971,179,179,179,179,179,,0,,0.0,178,1059,1059,1059,1059,1059,,0,,0.0,1058,448,448,448,448,448,,0,,0.0,445,-76,-76,,-76,-76,,0,,0.0,1,1980,1980,1980,1980,1980,,0,,0.0,1970,71,71,71,71,71,,0,,0.0,71,1366,1366,1366,1366,1366,,0,,0.0,1350,25648,25648,25648,25648,25648,,0,,0.0,25600
F10,1,100.0,154544,154544,154544,154544,154544,,0,,0.0,154368,89426,89426,89426,89426,89426,,0,,0.0,89344,113257,113257,113257,113257,113257,,0,,0.0,113152,61034,61034,61034,61034,61034,,0,,0.0,60928,71,71,71,71,71,,0,,0.0,71,37,37,37,37,37,,0,,0.0,37,782,782,782,782,782,,0,,0.0,780,2750,2750,2750,2750,2750,,0,,0.0,2739,19,19,19,19,19,,0,,0.0,19,213,213,213,213,213,,0,,0.0,211,-80,-80,,-80,-80,,0,,0.0,1,18,18,18,18,18,,0,,0.0,17,570,570,570,570,570,,0,,0.0,568,-11,-11,,-11,-11,,0,,0.0,1,4462,4462,4462,4462,4462,,0,,0.0,4407,25454,25454,25454,25454,25454,,0,,0.0,25344
F11,1,100.0,209831,209831,209831,209831,209831,,0,,0.0,209664,96043,96043,96043,96043,96043,,0,,0.0,96000,143180,143180,143180,143180,143180,,0,,0.0,143104,126969,126969,126969,126969,126969,,0,,0.0,126720,89,89,89,89,89,,0,,0.0,88,51,51,51,51,51,,0,,0.0,50,806,806,806,806,806,,0,,0.0,799,4187,4187,4187,4187,4187,,0,,0.0,4146,-119,-119,,-119,-119,,0,,0.0,1,114,114,114,114,114,,0,,0.0,112,-89,-89,,-89,-89,,0,,0.0,1,1481,1481,1481,1481,1481,,0,,0.0,1470,438,438,438,438,438,,0,,0.0,434,31,31,31,31,31,,0,,0.0,30,62153,62153,62153,62153,62153,,0,,0.0,61409,25258,25258,25258,25258,25258,,0,,0.0,25088
F12,1,100.0,154945,154945,154945,154945,154945,,0,,0.0,154880,90271,90271,90271,90271,90271,,0,,0.0,90112,112489,112489,112489,112489,112489,,0,,0.0,112384,123879,123879,123879,123879,123879,,0,,0.0,123648,46,46,46,46,46,,0,,0.0,45,1,1,1,1,1,,0,,0.0,1,520,520,520,520,520,,0,,0.0,515,2311,2311,2311,2311,2311,,0,,0.0,2309,33,33,33,33,33,,0,,0.0,32,251,251,251,251,251,,0,,0.0,251,124,124,124,124,124,,0,,0.0,122,571,571,571,571,571,,0,,0.0,568,427,427,427,427,427,,0,,0.0,424,81,81,81,81,81,,0,,0.0,80,37420,37420,37420,37420,37420,,0,,0.0,37245,25063,25063,25063,25063,25063,,0,,0.0,24832
G1,1,100.0,160387,160387,160387,160387,160387,,0,,0.0,160256,89708,89708,89708,89708,89708,,0,,0.0,89600,117170,117170,117170,117170,117170,,0,,0.0,116992,58750,58750,58750,58750,58750,,0,,0.0,58624,68,68,68,68,68,,0,,0.0,66,-5,-5,,-5,-5,,0,,0.0,1,712,712,712,712,712,,0,,0.0,707,1227,1227,1227,1227,1227,,0,,0.0,1225,-4,-4,,-4,-4,,0,,0.0,1,52,52,52,52,52,,0,,0.0,51,81,81,81,81,81,,0,,0.0,81,242,242,242,242,242,,0,,0.0,242,600,600,600,600,600,,0,,0.0,596,89,89,89,89,89,,0,,0.0,89,26271,26271,26271,26271,26271,,0,,0.0,26149,27402,27402,27402,27402,27402,,0,,0.0,27392
G2,1,100.0,165589,165589,165589,165589,165589,,0,,0.0,165376,92048,92048,92048,92048,92048,,0,,0.0,91904,117896,117896,117896,117896,117896,,0,,0.0,117760,81488,81488,81488,81488,81488,,0,,0.0,81408,61,61,61,61,61,,0,,0.0,61,26,26,26,26,26,,0,,0.0,25,584,584,584,584,584,,0,,0.0,582,2542,2542,2542,2542,2542,,0,,0.0,2515,-90,-90,,-90,-90,,0,,0.0,1,91,91,91,91,91,,0,,0.0,89,88,88,88,88,88,,0,,0.0,88,306,306,306,306,306,,0,,0.0,305,565,565,565,565,565,,0,,0.0,561,85,85,85,85,85,,0,,0.0,84,4341,4341,4341,4341,4341,,0,,0.0,4301,27597,27597,27597,27597,27597,,0,,0.0,27392
G3,1,100.0,168875,168875,168875,168875,168875,,0,,0.0,168704,91519,91519,91519,91519,91519,,0,,0.0,91392,120930,120930,120930,120930,120930,,0,,0.0,120832,66855,66855,66855,66855,66855,,0,,0.0,66816,24,24,24,24,24,,0,,0.0,23,2131,2131,2131,2131,2131,,0,,0.0,2120,399,399,399,399,399,,0,,0.0,394,3771,3771,3771,3771,3771,,0,,0.0,3761,-185,-185,,-185,-185,,0,,0.0,1,2671,2671,2671,2671,2671,,0,,0.0,2640,-311,-311,,-311,-311,,0,,0.0,1,110,110,110,110,110,,0,,0.0,108,739,739,739,739,739,,0,,0.0,734,38,38,38,38,38,,0,,0.0,37,330,330,330,330,330,,0,,0.0,328,27800,27800,27800,27800,27800,,0,,0.0,27648
G4,1,100.0,153892,153892,153892,153892,153892,,0,,0.0,153856,90964,90964,90964,90964,90964,,0,,0.0,90880,110873,110873,110873,110873,110873,,0,,0.0,110848,129810,129810,129810,129810,129810,,0,,0.0,129792,98,98,98,98,98,,0,,0.0,97,34,34,34,34,34,,0,,0.0,33,662,662,662,662,662,,0,,0.0,657,2256,2256,2256,2256,2256,,0,,0.0,2253,-243,-243,,-243,-243,,0,,0.0,1,108,108,108,108,108,,0,,0.0,107,-24,-24,,-24,-24,,0,,0.0,1,605,605,605,605,605,,0,,0.0,604,520,520,520,520,520,,0,,0.0,515,31,31,31,31,31,,0,,0.0,30,54702,54702,54702,54702,54702,,0,,0.0,54358,28009,28009,28009,28009,28009,,0,,0.0,27904
G5,1,100.0,187311,187311,187311,187311,187311,,0,,0.0,187136,94628,94628,94628,94628,94628,,0,,0.0,94464,129724,129724,129724,129724,129724,,0,,0.0,129536,72026,72026,72026,72026,72026,,0,,0.0,71936,60,60,60,60,60,,0,,0.0,59,2338,2338,2338,2338,2338,,0,,0.0,2309,403,403,403,403,403,,0,,0.0,399,4041,4041,4041,4041,4041,,0,,0.0,3997,17,17,17,17,17,,0,,0.0,16,2973,2973,2973,2973,2973,,0,,0.0,2947,-203,-203,,-203,-203,,0,,0.0,1,5,5,5,5,5,,0,,0.0,5,395,395,395,395,395,,0,,0.0,394,71,71,71,71,71,,0,,0.0,71,-948,-948,,-948,-948,,0,,0.0,1,28253,28253,28253,28253,28253,,0,,0.0,28160
G6,1,100.0,150926,150926,150926,150926,150926,,0,,0.0,150784,89446,89446,89446,89446,89446,,0,,0.0,89344,110581,110581,110581,110581,110581,,0,,0.0,110336,76810,76810,76810,76810,76810,,0,,0.0,76800,67,67,67,67,67,,0,,0.0,66,2,2,2,2,2,,0,,0.0,1,585,585,585,585,585,,0,,0.0,582,1579,1579,1579,1579,1579,,0,,0.0,1563,-73,-73,,-73,-73,,0,,0.0,1,286,286,286,286,286,,0,,0.0,283,88,88,88,88,88,,0,,0.0,88,73,73,73,73,73,,0,,0.0,71,780,780,780,780,780,,0,,0.0,780,18,18,18,18,18,,0,,0.0,18,9272,9272,9272,9272,9272,,0,,0.0,9161,28450,28450,28450,28450,28450,,0,,0.0,28416
G7,1,100.0,143661,143661,143661,143661,143661,,0,,0.0,143616,87869,87869,87869,87869,87869,,0,,0.0,87808,107148,107148,107148,107148,107148,,0,,0.0,107008,50700,50700,50700,50700,50700,,0,,0.0,50688,21,21,21,21,21,,0,,0.0,20,-51,-51,,-51,-51,,0,,0.0,1,1378,1378,1378,1378,1378,,0,,0.0,1367,5898,5898,5898,5898,5898,,0,,0.0,5834,-215,-215,,-215,-215,,0,,0.0,1,207,207,207,207,207,,0,,0.0,204,-214,-214,,-214,-214,,0,,0.0,1,108,108,108,108,108,,0,,0.0,107,318,318,318,318,318,,0,,0.0,316,42,42,42,42,42,,0,,0.0,41,11269,11269,11269,11269,11269,,0,,0.0,11135,28642,28642,28642,28642,28642,,0,,0.0,28416
G8,1,100.0,163324,163324,163324,163324,163324,,0,,0.0,163072,90122,90122,90122,90122,90122,,0,,0.0,90112,118768,118768,118768,118768,118768,,0,,0.0,118528,77491,77491,77491,77491,77491,,0,,0.0,77312,54,54,54,54,54,,0,,0.0,54,38,38,38,38,38,,0,,0.0,38,1111,1111,1111,1111,1111,,0,,0.0,1097,3665,3665,3665,3665,3665,,0,,0.0,3626,72,72,72,72,72,,0,,0.0,71,-93,-93,,-93,-93,,0,,0.0,1,113,113,113,113,113,,0,,0.0,111,306,306,306,306,306,,0,,0.0,305,315,315,315,315,315,,0,,0.0,312,90,90,90,90,90,,0,,0.0,89,678,678,678,678,678,,0,,0.0,674,28854,28854,28854,28854,28854,,0,,0.0,28672
G9,1,100.0,129938,129938,129938,129938,129938,,0,,0.0,129792,87087,87087,87087,87087,87087,,0,,0.0,87040,97783,97783,97783,97783,97783,,0,,0.0,97536,45490,45490,45490,45490,45490,,0,,0.0,45312,81,81,81,81,81,,0,,0.0,80,2000,2000,2000,2000,2000,,0,,0.0,1995,917,917,917,917,917,,0,,0.0,914,1585,1585,1585,1585,1585,,0,,0.0,1582,286,286,286,286,286,,0,,0.0,283,285,285,285,285,285,,0,,0.0,283,828,828,828,828,828,,0,,0.0,819,-24,-24,,-24,-24,,0,,0.0,1,871,871,871,871,871,,0,,0.0,870,5,5,5,5,5,,0,,0.0,5,896,896,896,896,896,,0,,0.0,892,29096,29096,29096,29096,29096,,0,,0.0,28928
G10,1,100.0,123399,123399,123399,123399,123399,,0,,0.0,123392,87110,87110,87110,87110,87110,,0,,0.0,87040,92838,92838,92838,92838,92838,,0,,0.0,92672,36956,36956,36956,36956,36956,,0,,0.0,36864,29,29,29,29,29,,0,,0.0,28,1018,1018,1018,1018,1018,,0,,0.0,1007,608,608,608,608,608,,0,,0.0,604,529,529,529,529,529,,0,,0.0,528,180,180,180,180,180,,0,,0.0,178,371,371,371,371,371,,0,,0.0,366,996,996,996,996,996,,0,,0.0,995,-71,-71,,-71,-71,,0,,0.0,1,630,630,630,630,630,,0,,0.0,626,51,51,51,51,51,,0,,0.0,51,1141,1141,1141,1141,1141,,0,,0.0,1138,29294,29294,29294,29294,29294,,0,,0.0,29184
G11,1,100.0,236787,236787,236787,236787,236787,,0,,0.0,236544,101067,101067,101067,101067,101067,,0,,0.0,100864,153543,153543,153543,153543,153543,,0,,0.0,153344,102356,102356,102356,102356,102356,,0,,0.0,102144,142,142,142,142,142,,0,,0.0,140,32,32,32,32,32,,0,,0.0,31,479,479,479,479,479,,0,,0.0,479,3671,3671,3671,3671,3671,,0,,0.0,3670,-357,-357,,-357,-357,,0,,0.0,1,202,202,202,202,202,,0,,0.0,201,-61,-61,,-61,-61,,0,,0.0,1,417,417,417,417,417,,0,,0.0,414,976,976,976,976,976,,0,,0.0,971,158,158,158,158,158,,0,,0.0,158,8917,8917,8917,8917,8917,,0,,0.0,8832,29486,29486,29486,29486,29486,,0,,0.0,29440
G12,1,100.0,153006,153006,153006,153006,153006,,0,,0.0,152832,93608,93608,93608,93608,93608,,0,,0.0,93440,107121,107121,107121,107121,107121,,0,,0.0,107008,124321,124321,124321,124321,124321,,0,,0.0,124160,65,65,65,65,65,,0,,0.0,65,61,61,61,61,61,,0,,0.0,61,580,580,580,580,580,,0,,0.0,575,538,538,538,538,538,,0,,0.0,534,71,71,71,71,71,,0,,0.0,70,6,6,6,6,6,,0,,0.0,5,-6,-6,,-6,-6,,0,,0.0,1,160,160,160,160,160,,0,,0.0,158,555,555,555,555,555,,0,,0.0,554,63,63,63,63,63,,0,,0.0,62,34960,34960,34960,34960,34960,,0,,0.0,34617,29680,29680,29680,29680,29680,,0,,0.0,29440
H1,1,100.0,222139,222139,222138,222139,222139,,0,,0.0,221952,98570,98570,98570,98570,98570,,0,,0.0,98560,147693,147693,147693,147693,147693,,0,,0.0,147456,101864,101864,101864,101864,101864,,0,,0.0,101632,50,50,50,50,50,,0,,0.0,50,3,3,3,3,3,,0,,0.0,2,680,680,680,680,680,,0,,0.0,674,2527,2527,2527,2527,2527,,0,,0.0,2515,-75,-75,,-75,-75,,0,,0.0,1,-25,-25,,-25,-25,,0,,0.0,1,-11,-11,,-11,-11,,0,,0.0,1,954,954,954,954,954,,0,,0.0,948,496,496,496,496,496,,0,,0.0,491,120,120,120,120,120,,0,,0.0,119,36066,36066,36066,36066,36066,,0,,0.0,35907,32017,32017,32017,32017,32017,,0,,0.0,32000
H2,1,100.0,168535,168535,168535,168535,168535,,0,,0.0,168448,96158,96158,96158,96158,96158,,0,,0.0,96000,114864,114864,114864,114864,114864,,0,,0.0,114688,85901,85901,85901,85901,85901,,0,,0.0,85760,92,92,92,92,92,,0,,0.0,90,1949,1949,1949,1949,1949,,0,,0.0,1947,357,357,357,357,357,,0,,0.0,353,1178,1178,1178,1178,1178,,0,,0.0,1166,-178,-178,,-178,-178,,0,,0.0,1,2138,2138,2138,2138,2138,,0,,0.0,2120,-56,-56,,-56,-56,,0,,0.0,1,-21,-21,,-21,-21,,0,,0.0,1,1084,1084,1084,1084,1084,,0,,0.0,1071,-34,-34,,-34,-34,,0,,0.0,1,920,920,920,920,920,,0,,0.0,914,31824,31824,31824,31824,31824,,0,,0.0,31744
H3,1,100.0,125404,125404,125404,125404,125404,,0,,0.0,125184,86605,86605,86605,86605,86605,,0,,0.0,86528,94896,94896,94896,94896,94896,,0,,0.0,94720,67225,67225,67225,67225,67225,,0,,0.0,67072,290,290,290,290,290,,0,,0.0,287,565,565,565,565,565,,0,,0.0,561,1275,1275,1275,1275,1275,,0,,0.0,1270,1868,1868,1868,1868,1868,,0,,0.0,1854,-16,-16,,-16,-16,,0,,0.0,1,1117,1117,1117,1117,1117,,0,,0.0,1111,1819,1819,1819,1819,1819,,0,,0.0,1809,-16,-16,,-16,-16,,0,,0.0,1,2021,2021,2021,2021,2021,,0,,0.0,2019,195,195,195,195,195,,0,,0.0,192,-139,-139,,-139,-139,,0,,0.0,1,31633,31633,31633,31633,31633,,0,,0.0,31488
H4,1,100.0,174853,174853,174853,174853,174853,,0,,0.0,174848,95372,95372,95372,95372,95372,,0,,0.0,95232,120152,120152,120152,120152,120152,,0,,0.0,120064,99361,99361,99361,99361,99361,,0,,0.0,99328,60,60,60,60,60,,0,,0.0,59,3052,3052,3052,3052,3052,,0,,0.0,3020,378,378,378,378,378,,0,,0.0,375,1997,1997,1997,1997,1997,,0,,0.0,1995,-256,-256,,-256,-256,,0,,0.0,1,3384,3384,3384,3384,3384,,0,,0.0,3370,-197,-197,,-197,-197,,0,,0.0,1,117,117,117,117,117,,0,,0.0,115,1071,1071,1071,1071,1071,,0,,0.0,1071,17,17,17,17,17,,0,,0.0,17,-418,-418,,-418,-418,,0,,0.0,1,31432,31432,31432,31432,31432,,0,,0.0,31232
H5,1,100.0,162386,162386,162386,162386,162386,,0,,0.0,162304,91726,91726,91726,91726,91726,,0,,0.0,91648,116021,116021,116021,116021,116021,,0,,0.0,115968,75345,75345,75345,75345,75345,,0,,0.0,75264,33,33,33,33,33,,0,,0.0,32,8,8,8,8,8,,0,,0.0,7,920,920,920,920,920,,0,,0.0,914,4641,4641,4641,4641,4641,,0,,0.0,4627,-2,-2,,-2,-2,,0,,0.0,1,-15,-15,,-15,-15,,0,,0.0,1,-38,-38,,-38,-38,,0,,0.0,1,347,347,347,347,347,,0,,0.0,344,414,414,414,414,414,,0,,0.0,414,5,5,5,5,5,,0,,0.0,4,1187,1187,1187,1187,1187,,0,,0.0,1181,31237,31237,31236,31237,31237,,0,,0.0,31232
H6,1,100.0,189655,189655,189655,189655,189655,,0,,0.0,189440,93593,93593,93593,93593,93593,,0,,0.0,93440,132801,132801,132801,132801,132801,,0,,0.0,132608,73864,73864,73864,73864,73864,,0,,0.0,73728,178,178,178,178,178,,0,,0.0,176,68,68,68,68,68,,0,,0.0,66,1191,1191,1191,1191,1191,,0,,0.0,1181,1235,1235,1235,1235,1235,,0,,0.0,1225,21,21,21,21,21,,0,,0.0,21,182,182,182,182,182,,0,,0.0,180,25,25,25,25,25,,0,,0.0,25,238,238,238,238,238,,0,,0.0,236,1422,1422,1422,1422,1422,,0,,0.0,1418,33,33,33,33,33,,0,,0.0,33,948,948,948,948,948,,0,,0.0,936,31039,31039,31039,31039,31039,,0,,0.0,30976
H7,1,100.0,194912,194912,194912,194912,194912,,0,,0.0,194816,95224,95224,95224,95224,95224,,0,,0.0,94976,134145,134145,134145,134145,134145,,0,,0.0,134144,125116,125116,125116,125116,125116,,0,,0.0,124928,113,113,113,113,113,,0,,0.0,111,49,49,49,49,49,,0,,0.0,48,977,977,977,977,977,,0,,0.0,971,5696,5696,5696,5696,5696,,0,,0.0,5693,-375,-375,,-375,-375,,0,,0.0,1,27,27,27,27,27,,0,,0.0,26,353,353,353,353,353,,0,,0.0,349,179,179,179,179,179,,0,,0.0,176,476,476,476,476,476,,0,,0.0,473,116,116,116,116,116,,0,,0.0,115,3702,3702,3702,3702,3702,,0,,0.0,3670,30847,30847,30847,30847,30847,,0,,0.0,30720
H8,1,100.0,131603,131603,131603,131603,131603,,0,,0.0,131584,87800,87800,87800,87800,87800,,0,,0.0,87552,98232,98232,98232,98232,98232,,0,,0.0,98048,36369,36369,36369,36369,36369,,0,,0.0,36352,4,4,4,4,4,,0,,0.0,4,1809,1809,1809,1809,1809,,0,,0.0,1787,578,578,578,578,578,,0,,0.0,575,670,670,670,670,670,,0,,0.0,666,-96,-96,,-96,-96,,0,,0.0,1,915,915,915,915,915,,0,,0.0,914,1331,1331,1331,1331,1331,,0,,0.0,1318,-32,-32,,-32,-32,,0,,0.0,1,1182,1182,1182,1182,1182,,0,,0.0,1181,72,72,72,72,72,,0,,0.0,71,-289,-289,,-289,-289,,0,,0.0,1,30655,30655,30655,30655,30655,,0,,0.0,30464
H9,1,100.0,201247,201247,201247,201247,201247,,0,,0.0,201216,95028,95028,95028,95028,95028,,0,,0.0,94976,138790,138790,138790,138790,138790,,0,,0.0,138752,60552,60552,60552,60552,60552,,0,,0.0,60416,75,75,75,75,75,,0,,0.0,75,19,19,19,19,19,,0,,0.0,19,385,385,385,385,385,,0,,0.0,380,1747,1747,1747,1747,1747,,0,,0.0,1744,146,146,146,146,146,,0,,0.0,145,222,222,222,222,222,,0,,0.0,219,223,223,223,223,223,,0,,0.0,222,64,64,64,64,64,,0,,0.0,64,332,332,332,332,332,,0,,0.0,328,51,51,51,51,51,,0,,0.0,51,9957,9957,9957,9957,9957,,0,,0.0,9856,30465,30465,30465,30465,30465,,0,,0.0,30464
H10,1,100.0,187394,187394,187394,187394,187394,,0,,0.0,187392,97331,97331,97331,97331,97331,,0,,0.0,97280,126178,126178,126178,126178,126178,,0,,0.0,125952,44999,44999,44999,44999,44999,,0,,0.0,44800,15,15,15,15,15,,0,,0.0,14,3571,3571,3571,3571,3571,,0,,0.0,3538,483,483,483,483,483,,0,,0.0,479,389,389,389,389,389,,0,,0.0,384,-270,-270,,-270,-270,,0,,0.0,1,2424,2424,2424,2424,2424,,0,,0.0,2395,55,55,55,55,55,,0,,0.0,54,34,34,34,34,34,,0,,0.0,34,1945,1945,1945,1945,1945,,0,,0.0,1923,2,2,2,2,2,,0,,0.0,1,176,176,176,176,176,,0,,0.0,174,30262,30262,30262,30262,30262,,0,,0.0,30208
H11,1,100.0,202361,202361,202361,202361,202361,,0,,0.0,202240,96663,96663,96663,96663,96663,,0,,0.0,96512,137197,137197,137197,137197,137197,,0,,0.0,136960,90795,90795,90795,90795,90795,,0,,0.0,90624,82,82,82,82,82,,0,,0.0,82,3056,3056,3056,3056,3056,,0,,0.0,3020,551,551,551,551,551,,0,,0.0,548,1879,1879,1879,1879,1879,,0,,0.0,1877,-246,-246,,-246,-246,,0,,0.0,1,3500,3500,3500,3500,3500,,0,,0.0,3495,93,93,93,93,93,,0,,0.0,92,-30,-30,,-30,-30,,0,,0.0,1,1567,1567,1567,1567,1567,,0,,0.0,1563,90,90,90,90,90,,0,,0.0,89,-1578,-1578,,-1578,-1578,,0,,0.0,1,30068,30068,30068,30068,30068,,0,,0.0,29952
H12,1,100.0,196478,196478,196478,196478,196478,,0,,0.0,196352,97203,97203,97203,97203,97203,,0,,0.0,97024,132468,132468,132468,132468,132468,,0,,0.0,132352,60423,60423,60423,60423,60423,,0,,0.0,60416,27,27,27,27,27,,0,,0.0,26,3266,3266,3266,3266,3266,,0,,0.0,3249,1072,1072,1072,1072,1072,,0,,0.0,1071,799,799,799,799,799,,0,,0.0,789,212,212,212,212,212,,0,,0.0,209,2912,2912,2912,2912,2912,,0,,0.0,2911,46,46,46,46,46,,0,,0.0,45,113,113,113,113,113,,0,,0.0,112,1179,1179,1179,1179,1179,,0,,0.0,1166,96,96,96,96,96,,0,,0.0,96,489,489,489,489,489,,0,,0.0,485,29871,29871,29871,29871,29871,,0,,0.0,29696

